ImageNumber,ObjectNumber,Location_Center_X,Location_Center_Y,Location_Center_Z,Number_Object_Number,Parent_FilterObjects1
1,1,73.0,2.0,0,1,0
1,2,14.0,6.0,0,2,1
1,3,52.0,14.0,0,3,4
1,4,86.0,14.0,0,4,5
1,5,34.0,20.0,0,5,8
1,6,97.66666666666667,22.0,0,6,0
1,7,27.0,25.0,0,7,10
1,8,88.0,25.0,0,8,13
1,9,7.0,26.0,0,9,11
1,10,18.0,26.0,0,10,14
1,11,50.0,27.0,0,11,12
1,12,15.0,37.0,0,12,15
1,13,45.0,37.0,0,13,16
1,14,69.0,39.0,0,14,19
1,15,24.0,43.0,0,15,18
1,16,97.66666666666667,52.0,0,16,0
1,17,58.0,55.0,0,17,21
1,18,70.0,55.0,0,18,22
1,19,78.0,60.0,0,19,25
1,20,20.0,62.0,0,20,26
1,21,94.0,62.0,0,21,0
1,22,58.0,66.0,0,22,27
1,23,13.0,67.0,0,23,28
1,24,29.0,68.0,0,24,29
1,25,48.0,70.0,0,25,30
1,26,98.15384615384616,71.0,0,26,0
1,27,71.0,72.0,0,27,31
1,28,80.0,75.0,0,28,33
1,29,37.0,78.0,0,29,34
1,30,33.0,97.66666666666667,0,30,0
1,31,55.0,97.66666666666667,0,31,0
1,32,94.0,97.66666666666667,0,32,0
2,1,34.0,2.0,0,1,0
2,2,95.0,2.0,0,2,0
2,3,43.0,7.0,0,3,2
2,4,21.0,9.0,0,4,4
2,5,51.0,11.0,0,5,6
2,6,5.0,14.0,0,6,7
2,7,20.0,21.0,0,7,9
2,8,41.0,24.0,0,8,10
2,9,7.0,25.0,0,9,13
2,10,68.0,27.0,0,10,15
2,11,47.0,33.0,0,11,16
2,12,84.0,34.0,0,12,17
2,13,18.0,36.0,0,13,18
2,14,55.0,37.0,0,14,19
2,15,72.0,41.0,0,15,20
2,16,50.0,43.0,0,16,21
2,17,61.0,49.0,0,17,22
2,18,74.0,51.0,0,18,25
2,19,87.0,69.0,0,19,29
2,20,16.0,74.0,0,20,31
2,21,57.0,74.0,0,21,30
2,22,85.0,85.0,0,22,34
2,23,68.0,87.0,0,23,35
2,24,20.0,92.0,0,24,37
2,25,61.0,95.0,0,25,0
2,26,73.0,95.0,0,26,0
3,1,53.0,3.0,0,1,0
3,2,34.0,4.0,0,2,1
3,3,10.0,7.0,0,3,2
3,4,20.0,12.0,0,4,5
3,5,11.0,18.0,0,5,8
3,6,43.0,21.0,0,6,10
3,7,81.0,23.0,0,7,9
3,8,62.0,29.0,0,8,12
3,9,40.0,34.0,0,9,13
3,10,29.0,37.0,0,10,15
3,11,10.0,38.0,0,11,16
3,12,93.0,48.0,0,12,19
3,13,39.0,51.0,0,13,20
3,14,14.0,53.0,0,14,22
3,15,97.17391304347827,62.0,0,15,0
3,16,67.0,71.0,0,16,26
3,17,90.0,78.0,0,17,29
3,18,37.0,80.0,0,18,30
3,19,1.3333333333333333,94.0,0,19,0
3,20,63.0,96.0,0,20,0
4,1,44.0,1.826086956521739,0,1,0
4,2,55.0,7.0,0,2,1
4,3,82.0,10.0,0,3,2
4,4,16.0,18.0,0,4,3
4,5,1.826086956521739,31.0,0,5,0
4,6,82.0,31.0,0,6,6
4,7,40.0,33.0,0,7,7
4,8,56.0,34.0,0,8,9
4,9,62.0,47.0,0,9,13
4,10,73.0,56.0,0,10,16
4,11,97.66666666666667,58.0,0,11,0
4,12,28.0,66.0,0,12,19
4,13,34.0,73.0,0,13,21
4,14,9.0,78.0,0,14,22
4,15,22.0,82.0,0,15,23
4,16,3.0,88.0,0,16,0
4,17,37.0,94.0,0,17,27
4,18,95.0,95.5,0,18,0
4,19,64.0,97.66666666666667,0,19,0
5,1,61.0,3.0,0,1,0
5,2,9.0,5.0,0,2,1
5,3,19.0,11.0,0,3,2
5,4,13.0,14.0,0,4,3
5,5,68.0,14.0,0,5,4
5,6,22.0,19.0,0,6,6
5,7,6.0,20.0,0,7,5
5,8,53.0,24.0,0,8,8
5,9,89.0,26.0,0,9,9
5,10,13.0,27.0,0,10,10
5,11,21.0,29.0,0,11,11
5,12,2.0,32.0,0,12,0
5,13,34.0,34.0,0,13,12
5,14,8.0,38.0,0,14,14
5,15,46.0,40.0,0,15,15
5,16,81.0,42.0,0,16,16
5,17,2.0,51.0,0,17,0
5,18,84.0,52.0,0,18,18
5,19,20.0,53.0,0,19,17
5,20,11.0,56.0,0,20,20
5,21,2.0,65.0,0,21,0
5,22,39.0,69.0,0,22,22
5,23,59.0,69.0,0,23,23
5,24,29.0,71.0,0,24,24
5,25,34.0,82.0,0,25,30
5,26,44.0,82.0,0,26,29
5,27,10.0,86.0,0,27,32
5,28,43.0,91.0,0,28,35
5,29,33.0,93.0,0,29,34
6,1,5.0,2.0,0,1,0
6,2,70.0,3.0,0,2,0
6,3,33.0,5.0,0,3,1
6,4,13.0,9.0,0,4,2
6,5,97.66666666666667,10.0,0,5,0
6,6,48.0,11.0,0,6,4
6,7,6.0,12.0,0,7,3
6,8,64.0,12.0,0,8,5
6,9,83.0,13.0,0,9,6
6,10,28.0,16.0,0,10,7
6,11,53.0,23.0,0,11,8
6,12,19.0,24.0,0,12,9
6,13,38.0,25.0,0,13,10
6,14,85.0,28.0,0,14,12
6,15,33.0,36.0,0,15,14
6,16,79.0,37.0,0,16,16
6,17,66.0,38.0,0,17,17
6,18,4.0,39.0,0,18,18
6,19,90.0,40.0,0,19,19
6,20,40.0,44.0,0,20,20
6,21,13.0,46.0,0,21,21
6,22,75.0,48.0,0,22,22
6,23,2.0,52.0,0,23,0
6,24,40.0,55.0,0,24,23
6,25,25.0,61.0,0,25,25
6,26,60.0,70.0,0,26,28
6,27,2.0,76.0,0,27,0
6,28,48.0,77.0,0,28,30
6,29,16.0,82.0,0,29,31
6,30,54.0,82.0,0,30,32
6,31,97.66666666666667,82.0,0,31,0
6,32,97.66666666666667,94.0,0,32,0
6,33,1.3333333333333333,95.0,0,33,0
6,34,65.0,95.0,0,34,0
6,35,45.0,96.0,0,35,0
6,36,26.0,97.0,0,36,0
7,1,29.0,1.3333333333333333,0,1,0
7,2,90.0,1.3333333333333333,0,2,0
7,3,97.0,8.0,0,3,0
7,4,3.0,10.0,0,4,0
7,5,87.0,11.0,0,5,4
7,6,13.0,12.0,0,6,2
7,7,57.0,13.0,0,7,5
7,8,22.0,15.0,0,8,6
7,9,95.0,19.0,0,9,0
7,10,3.0,20.0,0,10,0
7,11,31.0,21.0,0,11,7
7,12,61.0,31.0,0,12,8
7,13,89.0,32.0,0,13,10
7,14,9.0,34.0,0,14,9
7,15,97.66666666666667,34.0,0,15,0
7,16,19.0,38.0,0,16,12
7,17,61.0,40.0,0,17,13
7,18,27.0,42.0,0,18,14
7,19,97.66666666666667,53.0,0,19,0
7,20,23.0,54.0,0,20,17
7,21,86.0,58.0,0,21,18
7,22,9.0,73.0,0,22,21
7,23,22.0,75.0,0,23,22
7,24,2.0,85.0,0,24,0
7,25,74.0,85.0,0,25,25
7,26,65.0,91.0,0,26,27
7,27,2.0,95.0,0,27,0
7,28,41.0,98.15384615384616,0,28,0
8,1,44.0,1.3333333333333333,0,1,0
8,2,79.0,1.3333333333333333,0,2,0
8,3,29.0,1.826086956521739,0,3,0
8,4,70.0,3.0,0,4,0
8,5,53.0,5.0,0,5,1
8,6,13.0,6.0,0,6,2
8,7,3.0,7.0,0,7,0
8,8,62.0,12.0,0,8,3
8,9,97.66666666666667,14.0,0,9,0
8,10,89.0,17.0,0,10,7
8,11,13.0,18.0,0,11,6
8,12,34.0,27.0,0,12,9
8,13,94.0,29.0,0,13,0
8,14,70.0,32.0,0,14,11
8,15,94.0,38.0,0,15,0
8,16,3.0,39.0,0,16,0
8,17,15.0,46.0,0,17,13
8,18,37.0,47.0,0,18,14
8,19,25.0,50.0,0,19,15
8,20,94.0,51.0,0,20,0
8,21,1.826086956521739,52.0,0,21,0
8,22,71.0909090909091,53.09090909090909,0,22,17
8,23,54.0,54.0,0,23,16
8,24,75.9090909090909,55.90909090909091,0,24,17
8,25,66.0,59.0,0,25,18
8,26,88.0,61.0,0,26,20
8,27,12.0,62.0,0,27,21
8,28,97.17391304347827,70.0,0,28,0
8,29,79.0,71.0,0,29,23
8,30,7.0,74.0,0,30,25
8,31,17.0,75.0,0,31,26
8,32,52.0,75.0,0,32,27
8,33,27.0,80.0,0,33,28
8,34,87.0,80.0,0,34,0
8,35,94.0,83.0,0,35,29
8,36,52.0,84.0,0,36,30
8,37,64.0,85.0,0,37,31
8,38,6.0,89.0,0,38,32
8,39,97.66666666666667,89.0,0,39,0
8,40,17.0,90.0,0,40,33
8,41,53.0,92.0,0,41,34
8,42,73.0,93.0,0,42,35
8,43,63.0,97.66666666666667,0,43,0
9,1,65.0,4.0,0,1,1
9,2,5.0,11.0,0,2,2
9,3,48.0,35.0,0,3,5
9,4,55.0,41.0,0,4,7
9,5,41.0,49.0,0,5,9
9,6,59.0,56.0,0,6,10
9,7,10.0,65.0,0,7,12
9,8,64.0,71.0,0,8,14
9,9,97.17391304347827,73.0,0,9,0
9,10,75.0,76.0,0,10,16
9,11,87.0,76.0,0,11,17
9,12,49.0,81.0,0,12,18
9,13,3.0,89.0,0,13,0
9,14,82.0,89.0,0,14,19
9,15,35.0,90.0,0,15,20
9,16,19.0,94.0,0,16,0
9,17,68.0,94.0,0,17,21
10,1,45.0,1.3333333333333333,0,1,0
10,2,78.0,4.0,0,2,0
10,3,68.0,7.0,0,3,1
10,4,30.0,11.0,0,4,2
10,5,88.0,16.0,0,5,3
10,6,15.0,20.0,0,6,5
10,7,63.0,20.0,0,7,4
10,8,48.0,23.0,0,8,6
10,9,97.66666666666667,24.0,0,9,0
10,10,92.0,34.0,0,10,7
10,11,55.0,38.0,0,11,8
10,12,76.0,38.0,0,12,0
10,13,83.0,44.0,0,13,0
10,14,85.0,55.0,0,14,9
10,15,16.0,62.0,0,15,10
10,16,58.0,62.0,0,16,11
10,17,29.0,66.0,0,17,12
10,18,6.0,75.0,0,18,13
10,19,93.0,77.0,0,19,14
10,20,86.0,90.0,0,20,15
10,21,1.3333333333333333,92.0,0,21,0
10,22,94.0,92.0,0,22,0
10,23,18.0,94.0,0,23,0
10,24,74.0,96.0,0,24,0
11,1,68.0,1.3333333333333333,0,1,0
11,2,36.0,7.0,0,2,1
11,3,4.0,11.0,0,3,0
11,4,22.0,12.0,0,4,2
11,5,50.0,14.0,0,5,3
11,6,68.0,18.0,0,6,4
11,7,32.0,30.0,0,7,5
11,8,60.0,31.0,0,8,7
11,9,10.0,32.0,0,9,6
11,10,48.0,33.0,0,10,8
11,11,20.0,39.0,0,11,9
11,12,91.0,39.0,0,12,10
11,13,3.0,41.0,0,13,0
11,14,94.0,61.0,0,14,0
11,15,45.0,67.0,0,15,13
11,16,32.0,79.0,0,16,14
11,17,97.66666666666667,80.0,0,17,0
11,18,42.0,84.0,0,18,0
11,19,64.0,84.0,0,19,15
11,20,9.0,86.0,0,20,16
11,21,22.0,94.0,0,21,0
11,22,88.0,96.0,0,22,0
11,23,31.0,97.0,0,23,0
12,1,35.0,2.0,0,1,0
12,2,88.0,2.0,0,2,0
12,3,73.0,5.0,0,3,1
12,4,8.0,16.0,0,4,2
12,5,31.0,18.0,0,5,3
12,6,44.0,22.0,0,6,6
12,7,53.0,25.0,0,7,7
12,8,13.0,29.0,0,8,8
12,9,74.0,36.0,0,9,10
12,10,85.0,38.0,0,10,11
12,11,2.0,42.0,0,11,0
12,12,50.0,48.0,0,12,12
12,13,67.0,48.0,0,13,13
12,14,88.0,54.0,0,14,15
12,15,24.0,62.0,0,15,19
12,16,15.0,67.0,0,16,20
12,17,33.0,68.0,0,17,21
12,18,64.0,71.0,0,18,22
12,19,71.0,73.0,0,19,23
12,20,38.0,83.0,0,20,27
12,21,1.3333333333333333,84.0,0,21,0
12,22,67.0,90.0,0,22,29
12,23,87.0,97.66666666666667,0,23,0
13,1,14.0,4.0,0,1,2
13,2,2.0,6.0,0,2,0
13,3,19.0,10.0,0,3,3
13,4,54.0,10.0,0,4,4
13,5,84.0,14.0,0,5,6
13,6,4.0,15.0,0,6,8
13,7,48.0,16.0,0,7,7
13,8,58.0,25.0,0,8,10
13,9,69.0,27.0,0,9,11
13,10,12.0,29.0,0,10,12
13,11,90.0,35.0,0,11,15
13,12,57.0,38.0,0,12,17
13,13,97.66666666666667,44.0,0,13,0
13,14,14.0,59.0,0,14,21
13,15,32.0,60.0,0,15,23
13,16,57.0,60.0,0,16,22
13,17,92.0,69.0,0,17,0
13,18,40.0,73.0,0,18,25
13,19,31.0,83.0,0,19,28
13,20,12.0,90.0,0,20,29
13,21,64.0,90.0,0,21,31
13,22,24.0,92.0,0,22,30
13,23,56.0,97.0,0,23,0
13,24,3.0,97.66666666666667,0,24,0
14,1,75.0,12.0,0,1,1
14,2,47.0,14.0,0,2,2
14,3,63.0,22.0,0,3,3
14,4,8.0,26.0,0,4,5
14,5,85.0,27.0,0,5,6
14,6,38.0,34.0,0,6,7
14,7,66.0,36.0,0,7,9
14,8,18.0,39.0,0,8,10
14,9,47.0,46.0,0,9,13
14,10,12.0,53.0,0,10,15
14,11,26.0,54.0,0,11,14
14,12,42.0,54.0,0,12,16
14,13,1.826086956521739,57.0,0,13,0
14,14,69.0,60.0,0,14,17
14,15,44.0,64.0,0,15,18
14,16,72.0,70.0,0,16,20
14,17,65.0,78.0,0,17,23
14,18,39.0,83.0,0,18,25
14,19,40.0,88.0,0,19,25
14,20,51.0,97.66666666666667,0,20,0
14,21,97.14285714285714,98.07142857142857,0,21,0
15,1,35.0,6.0,0,1,1
15,2,46.0,12.0,0,2,4
15,3,23.0,16.0,0,3,5
15,4,6.0,19.0,0,4,6
15,5,94.0,22.0,0,5,0
15,6,82.0,25.0,0,6,7
15,7,75.0,30.0,0,7,8
15,8,61.0,31.0,0,8,9
15,9,85.0,35.0,0,9,11
15,10,42.0,38.0,0,10,12
15,11,33.0,42.0,0,11,14
15,12,31.0,66.0,0,12,16
15,13,25.0,73.0,0,13,18
16,1,24.0,1.3333333333333333,0,1,0
16,2,72.0,5.0,0,2,2
16,3,40.0,13.0,0,3,3
16,4,4.0,16.0,0,4,4
16,5,83.0,19.0,0,5,5
16,6,70.0,22.0,0,6,6
16,7,37.0,32.0,0,7,7
16,8,46.0,33.0,0,8,8
16,9,28.0,51.0,0,9,11
16,10,81.0,55.0,0,10,12
16,11,93.0,55.0,0,11,13
16,12,62.0,57.0,0,12,14
16,13,18.0,59.0,0,13,15
16,14,50.0,65.0,0,14,16
16,15,15.0,70.0,0,15,17
16,16,38.0,70.0,0,16,18
16,17,31.0,74.0,0,17,19
16,18,46.0,79.0,0,18,20
16,19,23.0,84.0,0,19,21
16,20,61.0,86.0,0,20,22
16,21,29.0,87.0,0,21,23
16,22,19.0,89.0,0,22,0
16,23,24.0,95.0,0,23,24
16,24,78.0,96.0,0,24,0
16,25,54.0,97.0,0,25,0
16,26,86.0,97.0,0,26,0
16,27,68.0,97.66666666666667,0,27,0
17,1,1.9166666666666667,1.9166666666666667,0,1,0
17,2,16.0,8.0,0,2,1
17,3,57.0,10.0,0,3,3
17,4,29.0,18.0,0,4,5
17,5,46.0,24.0,0,5,6
17,6,82.0,26.0,0,6,7
17,7,20.0,28.0,0,7,8
17,8,77.0,32.0,0,8,9
17,9,42.0,34.0,0,9,10
17,10,1.3333333333333333,42.0,0,10,0
17,11,14.0,42.0,0,11,13
17,12,75.0,51.0,0,12,14
17,13,44.0,53.0,0,13,15
17,14,35.0,54.0,0,14,16
17,15,3.0,64.0,0,15,0
17,16,24.0,68.0,0,16,18
17,17,62.0,71.0,0,17,19
17,18,37.0,73.0,0,18,20
17,19,7.0,79.0,0,19,23
17,20,96.0,79.0,0,20,0
17,21,11.0,86.0,0,21,25
17,22,78.0,87.0,0,22,26
18,1,67.0,3.0,0,1,0
18,2,89.0,3.0,0,2,0
18,3,12.0,4.0,0,3,0
18,4,80.0,5.0,0,4,1
18,5,50.0,7.0,0,5,3
18,6,94.0,12.0,0,6,0
18,7,24.0,14.0,0,7,5
18,8,79.0,15.0,0,8,0
18,9,37.0,20.0,0,9,6
18,10,53.0,20.0,0,10,7
18,11,45.0,22.0,0,11,8
18,12,66.0,24.0,0,12,9
18,13,3.0,26.0,0,13,10
18,14,33.0,30.0,0,14,0
18,15,90.0,31.0,0,15,11
18,16,62.0,36.0,0,16,13
18,17,39.0,37.0,0,17,14
18,18,88.0,44.0,0,18,15
18,19,15.0,47.0,0,19,16
18,20,77.0,48.0,0,20,17
18,21,4.0,50.0,0,21,18
18,22,24.0,51.0,0,22,19
18,23,49.0,52.0,0,23,20
18,24,18.0,57.0,0,24,23
18,25,60.0,57.0,0,25,22
18,26,69.0,57.0,0,26,24
18,27,81.0,57.0,0,27,25
18,28,38.0,58.0,0,28,21
18,29,31.0,64.0,0,29,26
18,30,41.0,65.0,0,30,27
18,31,53.0,65.0,0,31,28
18,32,76.0,73.0,0,32,30
18,33,86.0,76.0,0,33,31
18,34,94.0,80.0,0,34,32
18,35,56.0,84.0,0,35,33
18,36,35.0,86.0,0,36,34
18,37,6.0,89.0,0,37,36
18,38,18.0,89.0,0,38,35
18,39,82.0,89.0,0,39,37
18,40,97.66666666666667,91.0,0,40,0
18,41,42.0,92.0,0,41,38
18,42,52.0,92.0,0,42,41
18,43,61.0,93.0,0,43,39
18,44,91.0,93.0,0,44,40
18,45,35.0,96.0,0,45,0
18,46,19.0,97.17391304347827,0,46,0
18,47,81.0,97.17391304347827,0,47,0
19,1,6.0,1.3333333333333333,0,1,0
19,2,91.0,1.826086956521739,0,2,0
19,3,25.0,4.0,0,3,3
19,4,62.0,4.0,0,4,1
19,5,76.0,8.0,0,5,4
19,6,35.0,9.0,0,6,5
19,7,44.0,11.0,0,7,6
19,8,1.3333333333333333,12.0,0,8,0
19,9,58.0,13.0,0,9,7
19,10,9.0,15.0,0,10,8
19,11,43.0,21.0,0,11,11
19,12,34.0,25.0,0,12,13
19,13,5.0,26.0,0,13,14
19,14,19.0,27.0,0,14,15
19,15,49.0,28.0,0,15,16
19,16,14.0,35.0,0,16,17
19,17,26.0,35.0,0,17,0
19,18,34.0,35.0,0,18,18
19,19,76.0,36.0,0,19,19
19,20,45.0,40.0,0,20,20
19,21,31.0,45.0,0,21,21
19,22,91.0,45.0,0,22,22
19,23,60.0,46.0,0,23,23
19,24,76.0,49.0,0,24,24
19,25,51.0,51.0,0,25,25
19,26,43.0,56.0,0,26,26
19,27,26.0,57.0,0,27,27
19,28,68.0,57.0,0,28,28
19,29,50.0,63.0,0,29,29
19,30,82.0,65.0,0,30,30
19,31,56.0,67.0,0,31,31
19,32,72.0,68.0,0,32,34
19,33,64.0,69.0,0,33,35
19,34,58.0,73.0,0,34,36
19,35,77.0,75.0,0,35,37
19,36,4.0,77.0,0,36,38
19,37,71.0,81.0,0,37,40
19,38,94.0,85.0,0,38,0
19,39,62.0,88.0,0,39,42
19,40,3.0,90.0,0,40,0
19,41,81.0,91.0,0,41,43
19,42,88.0,93.0,0,42,44
19,43,32.0,97.17391304347827,0,43,0
19,44,64.0,97.17391304347827,0,44,0
19,45,49.0,97.66666666666667,0,45,0
20,1,20.0,2.0,0,1,0
20,2,36.0,2.0,0,2,0
20,3,84.0,7.0,0,3,2
20,4,13.0,15.0,0,4,3
20,5,66.0,15.0,0,5,4
20,6,51.0,16.0,0,6,0
20,7,90.0,22.0,0,7,5
20,8,97.66666666666667,22.0,0,8,0
20,9,46.0,25.0,0,9,6
20,10,33.0,29.0,0,10,8
20,11,53.0,29.0,0,11,9
20,12,63.0,30.0,0,12,10
20,13,3.0,31.0,0,13,0
20,14,10.0,31.0,0,14,11
20,15,26.0,36.0,0,15,15
20,16,38.0,36.0,0,16,14
20,17,55.0,36.0,0,17,13
20,18,8.0,40.0,0,18,17
20,19,2.0,43.0,0,19,0
20,20,47.0,46.0,0,20,23
20,21,14.0,47.0,0,21,22
20,22,83.0,47.0,0,22,21
20,23,8.0,54.0,0,23,24
20,24,38.0,54.0,0,24,25
20,25,29.0,60.0,0,25,28
20,26,46.0,60.0,0,26,26
20,27,59.0,60.0,0,27,27
20,28,22.0,70.0,0,28,30
20,29,70.0,72.0,0,29,31
20,30,93.0,72.0,0,30,33
20,31,9.0,73.0,0,31,32
20,32,93.0,86.0,0,32,35
20,33,53.0,93.0,0,33,37
20,34,72.0,93.0,0,34,36
21,1,51.0,1.3333333333333333,0,1,0
21,2,37.0,1.826086956521739,0,2,0
21,3,14.0,7.0,0,3,1
21,4,25.0,8.0,0,4,0
21,5,87.0,8.0,0,5,2
21,6,96.0,9.0,0,6,0
21,7,7.0,11.0,0,7,3
21,8,44.0,14.0,0,8,4
21,9,56.5,14.0,0,9,5
21,10,83.0,18.0,0,10,6
21,11,6.0,22.0,0,11,7
21,12,50.0,22.0,0,12,8
21,13,26.0,24.0,0,13,9
21,14,97.66666666666667,25.0,0,14,0
21,15,12.0,27.0,0,15,10
21,16,81.0,27.0,0,16,11
21,17,21.0,28.0,0,17,12
21,18,67.0,29.0,0,18,13
21,19,10.0,36.0,0,19,16
21,20,81.0,36.0,0,20,15
21,21,38.0,37.0,0,21,14
21,22,44.0,43.0,0,22,18
21,23,93.0,43.0,0,23,17
21,24,14.0,49.0,0,24,19
21,25,1.3333333333333333,50.0,0,25,0
21,26,44.0,53.0,0,26,21
21,27,6.0,56.0,0,27,22
21,28,72.0,57.0,0,28,23
21,29,61.0,59.0,0,29,24
21,30,44.0,64.0,0,30,25
21,31,86.0,65.0,0,31,26
21,32,52.0,66.0,0,32,27
21,33,61.0,67.0,0,33,28
21,34,19.0,69.0,0,34,29
21,35,19.0,75.0,0,35,30
21,36,67.0,75.0,0,36,31
21,37,36.0,78.0,0,37,33
21,38,4.0,81.0,0,38,34
21,39,97.66666666666667,81.0,0,39,0
21,40,26.0,85.0,0,40,35
21,41,90.0,86.0,0,41,36
21,42,14.0,88.0,0,42,37
21,43,32.0,89.0,0,43,38
21,44,72.0,93.0,0,44,39
21,45,1.3333333333333333,94.0,0,45,0
21,46,85.0,97.17391304347827,0,46,0
21,47,95.0,97.17391304347827,0,47,0
22,1,15.0,1.3333333333333333,0,1,0
22,2,60.0,1.826086956521739,0,2,0
22,3,79.0,3.0,0,3,0
22,4,89.0,4.0,0,4,2
22,5,45.0,5.0,0,5,1
22,6,37.0,10.0,0,6,3
22,7,60.0,11.0,0,7,4
22,8,84.0,12.0,0,8,5
22,9,74.0,15.0,0,9,7
22,10,19.0,17.0,0,10,8
22,11,49.0,17.0,0,11,9
22,12,67.0,20.0,0,12,10
22,13,31.0,21.0,0,13,11
22,14,78.0,21.0,0,14,13
22,15,42.0,22.0,0,15,12
22,16,93.0,22.0,0,16,0
22,17,4.0,25.0,0,17,14
22,18,69.0,30.0,0,18,16
22,19,94.0,30.0,0,19,0
22,20,25.0,37.0,0,20,18
22,21,83.0,42.0,0,21,20
22,22,29.0,46.0,0,22,23
22,23,94.0,47.0,0,23,0
22,24,15.0,52.0,0,24,24
22,25,4.0,55.0,0,25,25
22,26,24.0,56.0,0,26,26
22,27,83.0,58.0,0,27,27
22,28,11.909090909090908,62.09090909090909,0,28,28
22,29,3.0,63.0,0,29,0
22,30,42.0,65.0,0,30,29
22,31,63.0,66.0,0,31,31
22,32,10.090909090909092,66.9090909090909,0,32,28
22,33,20.0,67.0,0,33,30
22,34,69.0,68.0,0,34,31
22,35,75.0,74.0,0,35,32
22,36,58.0,75.0,0,36,33
22,37,30.0,80.0,0,37,35
22,38,62.0,81.0,0,38,36
22,39,69.0,86.0,0,39,38
22,40,42.0,90.0,0,40,41
22,41,27.0,93.0,0,41,42
22,42,93.0,95.0,0,42,0
22,43,5.0,97.17391304347827,0,43,0
23,1,87.0,9.0,0,1,1
23,2,73.0,15.0,0,2,2
23,3,62.0,18.0,0,3,3
23,4,92.0,23.0,0,4,5
23,5,28.0,27.0,0,5,6
23,6,97.66666666666667,30.0,0,6,0
23,7,69.0,33.0,0,7,7
23,8,53.0,34.0,0,8,9
23,9,36.0,36.0,0,9,11
23,10,89.0,36.0,0,10,10
23,11,83.0,42.0,0,11,12
23,12,50.0,45.0,0,12,13
23,13,70.0,46.0,0,13,14
23,14,22.0,47.0,0,14,15
23,15,77.0,56.0,0,15,16
23,16,4.0,69.0,0,16,19
23,17,65.0,70.0,0,17,20
23,18,29.0,83.0,0,18,21
24,1,59.0,26.0,0,1,1
24,2,90.0,27.0,0,2,2
24,3,17.0,38.0,0,3,5
24,4,95.0,38.0,0,4,0
24,5,86.0,42.0,0,5,6
24,6,8.0,50.0,0,6,7
24,7,28.0,53.0,0,7,8
24,8,86.0,53.0,0,8,9
24,9,67.0,57.0,0,9,10
24,10,16.0,60.0,0,10,12
24,11,75.0,63.0,0,11,15
24,12,86.0,63.0,0,12,14
24,13,27.0,65.0,0,13,16
24,14,53.0,67.0,0,14,17
24,15,18.0,74.0,0,15,19
24,16,27.0,81.0,0,16,22
24,17,47.0,85.0,0,17,23
24,18,56.0,89.0,0,18,24
24,19,79.0,90.0,0,19,25
24,20,6.0,95.0,0,20,0
25,1,94.0,4.0,0,1,0
25,2,53.0,14.0,0,2,2
25,3,62.0,19.0,0,3,3
25,4,20.0,21.0,0,4,4
25,5,14.0,24.0,0,5,5
25,6,48.0,28.0,0,6,6
25,7,18.0,32.0,0,7,7
25,8,58.0,35.0,0,8,9
25,9,77.0,40.0,0,9,10
25,10,53.0,45.0,0,10,11
25,11,90.0,45.0,0,11,12
25,12,66.0,50.0,0,12,13
25,13,24.0,54.0,0,13,14
25,14,55.0,59.0,0,14,15
25,15,49.0,68.0,0,15,18
25,16,89.0,74.0,0,16,20
25,17,26.0,77.0,0,17,21
25,18,48.0,77.0,0,18,22
25,19,37.0,80.0,0,19,23
25,20,50.0,87.0,0,20,25
25,21,38.0,91.0,0,21,27
25,22,51.0,97.17391304347827,0,22,0
26,1,15.0,4.0,0,1,0
26,2,4.0,8.0,0,2,1
26,3,18.0,17.0,0,3,3
26,4,32.0,27.0,0,4,4
26,5,19.0,29.0,0,5,5
26,6,23.0,37.0,0,6,7
26,7,43.0,40.0,0,7,8
26,8,26.0,47.0,0,8,9
26,9,8.0,48.0,0,9,10
26,10,30.0,63.0,0,10,11
26,11,40.0,64.0,0,11,12
26,12,31.0,76.0,0,12,14
26,13,28.0,84.0,0,13,16
26,14,27.0,95.0,0,14,0
27,1,68.0,2.0,0,1,0
27,2,40.0,3.0,0,2,0
27,3,47.0,4.0,0,3,0
27,4,93.0,5.0,0,4,0
27,5,61.0,13.0,0,5,2
27,6,13.0,14.0,0,6,4
27,7,70.0,14.0,0,7,3
27,8,30.0,19.0,0,8,6
27,9,47.0,19.0,0,9,5
27,10,59.0,25.0,0,10,7
27,11,13.0,26.0,0,11,8
27,12,29.0,27.0,0,12,9
27,13,71.0,29.0,0,13,10
27,14,53.0,39.0,0,14,11
27,15,67.0,40.0,0,15,12
27,16,61.0,44.0,0,16,13
27,17,27.0,45.0,0,17,14
27,18,36.0,48.0,0,18,15
27,19,84.0,49.0,0,19,16
27,20,94.0,51.0,0,20,0
27,21,60.0,53.0,0,21,17
27,22,22.0,56.0,0,22,20
27,23,41.0,63.0,0,23,22
27,24,74.0,72.0,0,24,23
27,25,35.0,76.0,0,25,24
27,26,57.0,78.0,0,26,26
27,27,79.0,78.0,0,27,25
27,28,46.0,80.0,0,28,27
27,29,94.0,82.0,0,29,0
27,30,80.0,91.0,0,30,30
27,31,34.0,93.0,0,31,31
27,32,59.0,97.0,0,32,0
28,1,40.0,1.3333333333333333,0,1,0
28,2,87.0,1.826086956521739,0,2,0
28,3,72.0,3.0,0,3,0
28,4,52.0,4.0,0,4,0
28,5,9.0,9.0,0,5,1
28,6,87.0,13.0,0,6,2
28,7,9.0,18.0,0,7,3
28,8,74.0,18.0,0,8,4
28,9,63.0,19.0,0,9,6
28,10,37.0,20.0,0,10,5
28,11,70.0,26.0,0,11,7
28,12,31.0,29.0,0,12,8
28,13,51.0,30.0,0,13,9
28,14,12.0,32.0,0,14,10
28,15,42.0,32.0,0,15,11
28,16,69.0,33.0,0,16,14
28,17,79.0,33.0,0,17,13
28,18,22.0,36.0,0,18,15
28,19,50.0,41.0,0,19,16
28,20,94.0,41.0,0,20,0
28,21,13.0,44.0,0,21,17
28,22,59.0,46.0,0,22,18
28,23,30.0,48.0,0,23,19
28,24,84.0,49.0,0,24,20
28,25,20.0,50.0,0,25,21
28,26,14.0,53.0,0,26,0
28,27,46.0,54.0,0,27,23
28,28,70.0,54.0,0,28,22
28,29,21.0,58.0,0,29,25
28,30,80.0,62.0,0,30,26
28,31,17.0,65.0,0,31,28
28,32,64.0,65.0,0,32,29
28,33,74.0,65.0,0,33,0
28,34,96.0,65.0,0,34,0
28,35,46.0,67.0,0,35,30
28,36,88.0,69.0,0,36,31
28,37,15.0,75.0,0,37,32
28,38,24.0,75.0,0,38,33
28,39,97.66666666666667,76.0,0,39,0
28,40,65.0,77.0,0,40,34
28,41,75.0,77.0,0,41,35
28,42,88.0,78.0,0,42,36
28,43,29.0,80.0,0,43,37
28,44,43.0,84.0,0,44,38
28,45,93.0,85.0,0,45,39
28,46,3.0,90.0,0,46,0
28,47,44.0,91.0,0,47,0
28,48,19.0,92.0,0,48,40
28,49,57.0,94.0,0,49,0
29,1,29.0,1.3333333333333333,0,1,0
29,2,7.0,2.0,0,2,0
29,3,81.0,2.0,0,3,0
29,4,54.0,4.0,0,4,1
29,5,90.0,8.0,0,5,2
29,6,81.0,12.0,0,6,3
29,7,14.0,13.0,0,7,4
29,8,67.0,17.0,0,8,6
29,9,94.0,19.0,0,9,7
29,10,86.0,20.0,0,10,8
29,11,79.0,24.0,0,11,10
29,12,91.0,32.0,0,12,12
29,13,81.0,36.0,0,13,14
29,14,26.0,37.0,0,14,13
29,15,46.0,40.0,0,15,17
29,16,39.0,50.0,0,16,18
29,17,47.0,56.0,0,17,19
29,18,51.0,62.0,0,18,20
29,19,89.0,65.0,0,19,21
29,20,58.0,68.0,0,20,22
29,21,97.0,68.0,0,21,0
29,22,29.0,69.0,0,22,23
29,23,70.0,70.0,0,23,24
29,24,45.0,74.0,0,24,25
29,25,78.0,74.0,0,25,27
29,26,37.0,75.0,0,26,26
29,27,4.0,77.0,0,27,28
29,28,58.0,78.0,0,28,29
29,29,83.0,82.0,0,29,30
29,30,16.0,85.0,0,30,31
29,31,9.0,91.0,0,31,33
29,32,66.0,91.0,0,32,34
29,33,76.0,97.66666666666667,0,33,0
30,1,58.0,1.3333333333333333,0,1,0
30,2,74.0,10.0,0,2,2
30,3,80.0,14.0,0,3,3
30,4,23.0,15.0,0,4,4
30,5,1.3333333333333333,16.0,0,5,0
30,6,34.0,18.0,0,6,5
30,7,20.0,23.0,0,7,6
30,8,8.0,24.0,0,8,7
30,9,40.0,26.0,0,9,8
30,10,97.66666666666667,26.0,0,10,0
30,11,90.0,28.0,0,11,9
30,12,15.0,30.0,0,12,10
30,13,26.0,31.0,0,13,11
30,14,59.0,33.0,0,14,12
30,15,48.0,38.0,0,15,15
30,16,40.0,41.0,0,16,14
30,17,60.0,43.0,0,17,17
30,18,89.0,43.0,0,18,16
30,19,69.0,46.0,0,19,18
30,20,24.0,51.0,0,20,20
30,21,83.0,51.0,0,21,21
30,22,14.0,53.0,0,22,23
30,23,48.0,57.0,0,23,24
30,24,92.0,60.0,0,24,27
30,25,40.0,63.0,0,25,28
30,26,1.826086956521739,65.0,0,26,0
30,27,60.0,65.0,0,27,29
30,28,17.0,66.0,0,28,30
30,29,87.0,68.0,0,29,31
30,30,97.17391304347827,68.0,0,30,0
30,31,46.0,72.0,0,31,32
30,32,26.0,76.0,0,32,33
30,33,50.0,82.0,0,33,35
30,34,70.0,83.0,0,34,36
30,35,56.0,86.0,0,35,37
30,36,7.0,88.0,0,36,38
30,37,81.0,91.0,0,37,39
30,38,51.0,94.0,0,38,0
30,39,61.0,94.0,0,39,0
30,40,37.0,97.17391304347827,0,40,0
30,41,28.0,97.66666666666667,0,41,0
31,1,69.0,4.0,0,1,0
31,2,50.0,6.0,0,2,0
31,3,89.0,10.0,0,3,1
31,4,63.0,11.0,0,4,2
31,5,76.0,16.0,0,5,3
31,6,46.0,17.0,0,6,4
31,7,87.0,19.0,0,7,6
31,8,58.0,20.0,0,8,5
31,9,38.0,25.0,0,9,7
31,10,74.0,27.0,0,10,8
31,11,54.0,28.0,0,11,9
31,12,84.0,28.0,0,12,10
31,13,66.0,34.0,0,13,12
31,14,82.0,36.0,0,14,13
31,15,16.0,41.0,0,15,14
31,16,78.0,42.0,0,16,16
31,17,61.0,49.0,0,17,17
31,18,73.0,54.0,0,18,0
31,19,55.0,55.0,0,19,18
31,20,89.0,56.0,0,20,19
31,21,42.0,58.0,0,21,22
31,22,78.0,58.0,0,22,20
31,23,26.0,59.0,0,23,21
31,24,34.0,63.0,0,24,0
31,25,69.0,64.0,0,25,24
31,26,15.090909090909092,65.0909090909091,0,26,23
31,27,19.90909090909091,67.9090909090909,0,27,23
31,28,47.0,68.0,0,28,25
31,29,30.0,70.0,0,29,26
31,30,11.0,72.0,0,30,27
31,31,93.0,73.0,0,31,31
31,32,58.0,74.0,0,32,28
31,33,68.0,74.0,0,33,30
31,34,10.0,81.0,0,34,32
31,35,96.0,81.0,0,35,0
31,36,20.5,82.0,0,36,33
31,37,82.0,82.0,0,37,35
31,38,53.0,83.0,0,38,34
31,39,46.0,90.0,0,39,36
31,40,32.0,91.0,0,40,38
31,41,39.0,96.0,0,41,0
31,42,52.0,97.17391304347827,0,42,0
32,1,60.0,1.3333333333333333,0,1,0
32,2,76.0,1.3333333333333333,0,2,0
32,3,1.4210526315789473,1.894736842105263,0,3,0
32,4,11.0,9.0,0,4,1
32,5,62.0,9.0,0,5,3
32,6,87.0,9.0,0,6,4
32,7,54.0,10.0,0,7,2
32,8,97.17391304347827,17.0,0,8,0
32,9,71.0,18.0,0,9,6
32,10,32.0,23.0,0,10,7
32,11,20.0,25.0,0,11,8
32,12,10.0,27.0,0,12,9
32,13,43.0,27.0,0,13,10
32,14,67.0,31.0,0,14,11
32,15,1.3333333333333333,32.0,0,15,0
32,16,92.0,32.0,0,16,12
32,17,50.0,33.0,0,17,13
32,18,36.0,39.0,0,18,14
32,19,43.0,41.0,0,19,15
32,20,64.0,41.0,0,20,16
32,21,1.3333333333333333,43.0,0,21,0
32,22,25.0,43.0,0,22,19
32,23,87.0,43.0,0,23,17
32,24,51.0,46.0,0,24,18
32,25,14.0,52.0,0,25,20
32,26,38.0,52.0,0,26,21
32,27,75.0,52.0,0,27,22
32,28,56.0,53.0,0,28,23
32,29,46.0,55.0,0,29,24
32,30,84.0,60.0,0,30,25
32,31,46.0,63.0,0,31,27
32,32,66.0,65.0,0,32,28
32,33,94.0,66.0,0,33,0
32,34,72.0,70.0,0,34,29
32,35,26.0,72.0,0,35,31
32,36,35.0,73.0,0,36,32
32,37,57.0,78.0,0,37,35
32,38,46.0,81.0,0,38,36
32,39,13.0,89.0,0,39,38
32,40,43.0,90.0,0,40,39
32,41,23.0,94.0,0,41,0
32,42,84.0,94.0,0,42,0
32,43,38.0,95.0,0,43,0
32,44,90.0,97.17391304347827,0,44,0
32,45,97.6,97.6,0,45,0
33,1,67.0,1.3333333333333333,0,1,0
33,2,22.0,3.0,0,2,1
33,3,56.0,4.0,0,3,0
33,4,36.0,5.0,0,4,2
33,5,84.0,6.0,0,5,3
33,6,1.3333333333333333,11.0,0,6,0
33,7,56.0,11.0,0,7,4
33,8,7.0,15.0,0,8,6
33,9,39.0,16.0,0,9,7
33,10,70.0,16.0,0,10,8
33,11,59.0,20.0,0,11,9
33,12,14.0,23.0,0,12,10
33,13,64.0,32.0,0,13,11
33,14,92.0,32.0,0,14,12
33,15,16.0,33.0,0,15,13
33,16,24.0,38.0,0,16,14
33,17,91.0,43.0,0,17,15
33,18,32.0,44.0,0,18,16
33,19,31.0,52.0,0,19,18
33,20,53.0,52.0,0,20,19
33,21,86.0,53.0,0,21,20
33,22,76.0,57.0,0,22,21
33,23,97.17391304347827,62.0,0,23,0
33,24,1.3333333333333333,65.0,0,24,0
33,25,55.0,65.0,0,25,23
33,26,17.0,66.0,0,26,26
33,27,76.0,66.0,0,27,24
33,28,92.0,68.0,0,28,28
33,29,42.0,69.0,0,29,25
33,30,26.0,70.0,0,30,27
33,31,7.0,73.0,0,31,29
33,32,70.0,74.0,0,32,30
33,33,97.66666666666667,74.0,0,33,0
33,34,32.0,75.0,0,34,31
33,35,15.0,83.0,0,35,32
33,36,33.0,84.0,0,36,33
33,37,88.0,84.0,0,37,35
33,38,66.0,86.0,0,38,36
33,39,55.0,91.0,0,39,38
33,40,63.09090909090909,93.0909090909091,0,40,0
33,41,80.0,94.0,0,41,0
33,42,28.0,97.66666666666667,0,42,0
33,43,63.89473684210526,97.57894736842105,0,43,0
34,1,14.0,1.3333333333333333,0,1,0
34,2,25.0,1.3333333333333333,0,2,0
34,3,36.0,1.3333333333333333,0,3,0
34,4,62.0,1.826086956521739,0,4,0
34,5,39.0,7.0,0,5,1
34,6,97.17391304347827,9.0,0,6,0
34,7,28.0,10.0,0,7,3
34,8,89.0,10.0,0,8,2
34,9,7.0,11.0,0,9,0
34,10,16.0,13.0,0,10,4
34,11,48.0,14.0,0,11,5
34,12,36.0,16.0,0,12,6
34,13,1.826086956521739,18.0,0,13,0
34,14,75.0,18.0,0,14,7
34,15,53.0,20.0,0,15,0
34,16,38.0,23.0,0,16,0
34,17,65.0,24.0,0,17,8
34,18,86.0,25.0,0,18,11
34,19,6.0,26.0,0,19,9
34,20,73.0,26.0,0,20,12
34,21,97.66666666666667,26.0,0,21,0
34,22,15.0,31.0,0,22,13
34,23,94.0,31.0,0,23,0
34,24,33.0,32.0,0,24,14
34,25,42.0,32.0,0,25,15
34,26,59.0,33.0,0,26,16
34,27,74.0,35.0,0,27,17
34,28,24.0,39.0,0,28,18
34,29,54.0,42.0,0,29,19
34,30,72.0,42.0,0,30,0
34,31,81.0,44.0,0,31,21
34,32,43.0,45.0,0,32,22
34,33,64.0,45.0,0,33,20
34,34,11.0,48.0,0,34,23
34,35,91.0,48.0,0,35,24
34,36,74.0,50.0,0,36,0
34,37,61.0,51.0,0,37,25
34,38,84.0,57.0,0,38,27
34,39,31.0,58.0,0,39,26
34,40,70.0,58.0,0,40,28
34,41,95.0,59.0,0,41,0
34,42,75.0,65.0,0,42,29
34,43,59.0,67.0,0,43,30
34,44,88.0,68.0,0,44,31
34,45,20.0,69.0,0,45,33
34,46,29.0,69.0,0,46,32
34,47,11.0,72.0,0,47,34
34,48,80.0,73.0,0,48,35
34,49,5.0,78.0,0,49,37
34,50,92.0,78.0,0,50,36
34,51,64.0,79.0,0,51,38
34,52,54.0,81.0,0,52,39
34,53,20.0,83.0,0,53,40
34,54,45.0,85.0,0,54,41
34,55,94.0,85.0,0,55,0
34,56,61.0,88.0,0,56,42
34,57,49.0,96.0,0,57,0
34,58,14.0,97.17391304347827,0,58,0
35,1,5.0,1.3333333333333333,0,1,0
35,2,39.0,1.826086956521739,0,2,0
35,3,87.0,3.0,0,3,0
35,4,27.0,6.0,0,4,1
35,5,79.0,6.0,0,5,2
35,6,19.0,10.0,0,6,3
35,7,6.0,11.0,0,7,4
35,8,42.0,13.0,0,8,5
35,9,3.0,18.0,0,9,0
35,10,13.0,18.0,0,10,7
35,11,60.0,18.0,0,11,0
35,12,92.0,21.0,0,12,9
35,13,45.0,22.0,0,13,8
35,14,83.0,26.0,0,14,10
35,15,54.0,30.0,0,15,11
35,16,91.0,30.0,0,16,12
35,17,69.0,34.0,0,17,13
35,18,5.0,38.0,0,18,14
35,19,86.0,40.0,0,19,16
35,20,97.66666666666667,41.0,0,20,0
35,21,37.0,44.0,0,21,17
35,22,19.0,46.0,0,22,18
35,23,44.0,46.0,0,23,21
35,24,10.0,47.0,0,24,19
35,25,27.0,47.0,0,25,20
35,26,65.0,47.0,0,26,22
35,27,73.0,50.0,0,27,23
35,28,89.0,50.0,0,28,24
35,29,97.17391304347827,54.0,0,29,0
35,30,53.0,56.0,0,30,0
35,31,23.0,58.0,0,31,25
35,32,70.0,59.0,0,32,26
35,33,86.0,60.0,0,33,27
35,34,59.0,61.0,0,34,29
35,35,36.0,62.0,0,35,28
35,36,8.0,63.0,0,36,30
35,37,97.17391304347827,65.0,0,37,0
35,38,75.0,67.0,0,38,31
35,39,1.3333333333333333,70.0,0,39,0
35,40,20.0,71.0,0,40,33
35,41,70.0,72.0,0,41,35
35,42,13.0,73.0,0,42,36
35,43,7.0,78.0,0,43,38
35,44,30.0,78.0,0,44,37
35,45,74.0,78.0,0,45,0
35,46,66.0,79.0,0,46,39
35,47,40.0,84.0,0,47,40
35,48,29.0,86.0,0,48,42
35,49,97.66666666666667,87.0,0,49,0
35,50,4.0,89.0,0,50,43
35,51,18.0,92.0,0,51,44
35,52,42.0,94.0,0,52,46
35,53,73.0,94.0,0,53,0
35,54,97.17391304347827,96.0,0,54,0
35,55,9.0,97.66666666666667,0,55,0
35,56,20.0,97.66666666666667,0,56,0
36,1,45.0,1.3333333333333333,0,1,0
36,2,66.0,1.3333333333333333,0,2,0
36,3,30.0,1.826086956521739,0,3,0
36,4,97.17391304347827,5.0,0,4,0
36,5,31.0,9.0,0,5,3
36,6,50.0,9.0,0,6,1
36,7,12.0,10.0,0,7,2
36,8,62.0,11.0,0,8,4
36,9,72.0,15.0,0,9,5
36,10,97.17391304347827,15.0,0,10,0
36,11,6.0,18.0,0,11,6
36,12,29.0,19.0,0,12,7
36,13,18.0,22.0,0,13,9
36,14,32.0,26.0,0,14,10
36,15,51.0,27.0,0,15,11
36,16,65.0,28.0,0,16,12
36,17,89.0,28.0,0,17,13
36,18,80.0,31.0,0,18,14
36,19,97.66666666666667,32.0,0,19,0
36,20,30.0,33.0,0,20,16
36,21,60.0,33.0,0,21,15
36,22,38.0,37.0,0,22,17
36,23,94.0,39.0,0,23,0
36,24,67.0,41.0,0,24,18
36,25,86.0,44.0,0,25,20
36,26,3.0,45.0,0,26,0
36,27,75.0,46.0,0,27,21
36,28,46.0,47.0,0,28,22
36,29,58.0,48.0,0,29,23
36,30,94.0,50.0,0,30,0
36,31,42.0,54.0,0,31,25
36,32,79.0,55.0,0,32,26
36,33,6.0,56.0,0,33,27
36,34,92.0,58.0,0,34,29
36,35,57.0,60.0,0,35,28
36,36,27.0,61.0,0,36,30
36,37,66.0,61.0,0,37,31
36,38,43.0,63.0,0,38,32
36,39,12.0,64.0,0,39,33
36,40,75.0,65.0,0,40,34
36,41,54.0,68.0,0,41,0
36,42,31.0,69.0,0,42,35
36,43,97.66666666666667,70.0,0,43,0
36,44,18.0,71.0,0,44,36
36,45,46.0,73.0,0,45,37
36,46,1.3333333333333333,75.0,0,46,0
36,47,56.0,76.0,0,47,38
36,48,73.9090909090909,77.0909090909091,0,48,39
36,49,94.0,78.0,0,49,0
36,50,13.0,79.0,0,50,40
36,51,69.0909090909091,79.9090909090909,0,51,39
36,52,3.0,85.0,0,52,0
36,53,19.0,86.0,0,53,42
36,54,66.0,86.0,0,54,0
36,55,43.0,87.0,0,55,43
36,56,72.0,92.0,0,56,44
36,57,88.0,94.0,0,57,0
36,58,47.0,95.0,0,58,0
36,59,22.0,97.17391304347827,0,59,0
36,60,7.0,97.66666666666667,0,60,0
37,1,56.0,4.0,0,1,1
37,2,95.0,6.0,0,2,0
37,3,40.0,12.0,0,3,2
37,4,28.0,14.0,0,4,3
37,5,52.0,14.0,0,5,4
37,6,66.0,14.0,0,6,5
37,7,12.0,18.0,0,7,6
37,8,42.0,24.0,0,8,8
37,9,10.0,26.0,0,9,9
37,10,50.0,26.0,0,10,10
37,11,32.0,28.0,0,11,12
37,12,64.0,30.0,0,12,13
37,13,79.0,30.0,0,13,14
37,14,12.0,34.0,0,14,15
37,15,1.3333333333333333,35.0,0,15,0
37,16,54.0,36.0,0,16,16
37,17,21.0,39.0,0,17,17
37,18,45.0,41.0,0,18,18
37,19,74.0,42.0,0,19,19
37,20,48.0,49.0,0,20,21
37,21,24.0,50.0,0,21,20
37,22,68.0,50.0,0,22,24
37,23,35.0,51.0,0,23,23
37,24,57.0,59.0,0,24,27
37,25,29.0,60.0,0,25,28
37,26,89.0,60.0,0,26,29
37,27,39.0,62.0,0,27,30
37,28,17.0,66.0,0,28,32
37,29,50.0,67.0,0,29,33
37,30,62.0,67.0,0,30,34
37,31,38.0,71.0,0,31,35
37,32,79.0,76.0,0,32,38
37,33,62.0,77.0,0,33,39
37,34,58.0,84.0,0,34,41
37,35,38.0,87.0,0,35,42
37,36,81.0,94.0,0,36,0
38,1,71.0,1.3333333333333333,0,1,0
38,2,82.0,1.3333333333333333,0,2,0
38,3,54.0,3.0,0,3,0
38,4,65.0,5.0,0,4,1
38,5,33.0,7.0,0,5,2
38,6,94.0,8.0,0,6,0
38,7,63.0,10.0,0,7,5
38,8,12.0,11.0,0,8,3
38,9,91.0,18.0,0,9,7
38,10,31.0,21.0,0,10,8
38,11,75.0,22.0,0,11,10
38,12,65.0,24.0,0,12,12
38,13,25.0,28.0,0,13,13
38,14,87.0,31.0,0,14,14
38,15,77.0,33.0,0,15,15
38,16,18.0,34.0,0,16,16
38,17,6.0,36.0,0,17,18
38,18,40.0,36.0,0,18,17
38,19,85.0,40.0,0,19,20
38,20,60.0,41.0,0,20,19
38,21,76.0,44.0,0,21,21
38,22,52.0,46.0,0,22,24
38,23,18.0,47.0,0,23,23
38,24,60.0,51.0,0,24,25
38,25,39.0,52.0,0,25,26
38,26,28.0,56.0,0,26,28
38,27,92.0,56.0,0,27,27
38,28,49.0,60.0,0,28,29
38,29,12.0,64.0,0,29,31
38,30,94.0,65.0,0,30,0
38,31,85.0,68.0,0,31,34
38,32,12.0,79.0,0,32,37
38,33,31.0,84.0,0,33,39
38,34,9.0,89.0,0,34,41
38,35,20.0,89.0,0,35,42
38,36,37.0,92.0,0,36,43
38,37,26.0,96.0,0,37,0
38,38,68.0,96.0,0,38,0
38,39,90.0,97.0,0,39,0
39,1,12.0,2.0,0,1,0
39,2,27.0,2.0,0,2,0
39,3,71.0,4.0,0,3,0
39,4,97.66666666666667,7.0,0,4,0
39,5,45.0,8.0,0,5,1
39,6,33.0,15.0,0,6,5
39,7,53.0,15.0,0,7,4
39,8,69.0,15.0,0,8,2
39,9,19.0,16.0,0,9,6
39,10,74.0,22.0,0,10,8
39,11,13.0,23.0,0,11,7
39,12,45.0,23.0,0,12,9
39,13,97.0,26.0,0,13,0
39,14,25.0,28.0,0,14,10
39,15,66.0,28.0,0,15,11
39,16,88.0,32.0,0,16,13
39,17,13.0,33.0,0,17,14
39,18,29.0,37.0,0,18,15
39,19,97.0,41.0,0,19,0
39,20,73.0,42.0,0,20,18
39,21,12.0,48.0,0,21,19
39,22,14.0,57.0,0,22,20
39,23,21.0,64.0,0,23,22
39,24,63.0,65.0,0,24,23
39,25,45.0,66.0,0,25,21
39,26,79.0,67.0,0,26,24
39,27,37.0,69.0,0,27,25
39,28,25.0,72.0,0,28,26
39,29,56.0,72.0,0,29,27
39,30,91.0,74.0,0,30,28
39,31,50.0,78.0,0,31,29
39,32,80.0,82.0,0,32,30
39,33,90.0,96.0,0,33,0
39,34,43.0,97.66666666666667,0,34,0
39,35,58.0,97.66666666666667,0,35,0
40,1,48.0,4.0,0,1,0
40,2,54.0,12.0,0,2,3
40,3,5.0,17.0,0,3,5
40,4,97.66666666666667,18.0,0,4,0
40,5,60.0,20.0,0,5,6
40,6,77.0,20.0,0,6,7
40,7,22.0,23.0,0,7,8
40,8,37.0,25.0,0,8,9
40,9,67.0,28.0,0,9,10
40,10,10.0,29.0,0,10,11
40,11,80.0,35.0,0,11,12
40,12,1.3333333333333333,37.0,0,12,0
40,13,11.0,40.0,0,13,14
40,14,72.0,40.0,0,14,15
40,15,50.0,49.0,0,15,16
40,16,63.0,54.0,0,16,19
40,17,82.0,56.0,0,17,20
40,18,24.0,58.0,0,18,21
40,19,58.0,60.0,0,19,22
40,20,48.0,61.0,0,20,23
40,21,10.0,67.0,0,21,24
40,22,71.0,67.0,0,22,26
40,23,85.0,67.0,0,23,27
40,24,32.0,68.0,0,24,25
40,25,93.0,70.0,0,25,30
40,26,23.0,74.0,0,26,31
40,27,65.0,74.0,0,27,32
40,28,4.0,76.0,0,28,33
40,29,1.3333333333333333,83.0,0,29,0
40,30,10.0,84.0,0,30,39
40,31,69.0,84.0,0,31,36
40,32,10.0,90.0,0,32,39
40,33,64.0,90.0,0,33,40
40,34,74.0,90.0,0,34,41
40,35,47.0,95.0,0,35,0
40,36,86.0,96.0,0,36,0
41,1,39.0,1.3333333333333333,0,1,0
41,2,31.0,2.0,0,2,0
41,3,77.0,2.0,0,3,0
41,4,48.0,4.0,0,4,1
41,5,66.0,7.0,0,5,2
41,6,89.0,9.0,0,6,3
41,7,97.66666666666667,10.0,0,7,0
41,8,41.0,14.0,0,8,4
41,9,55.0,14.0,0,9,5
41,10,72.0,17.0,0,10,6
41,11,94.0,17.0,0,11,7
41,12,14.0,19.0,0,12,8
41,13,55.0,25.0,0,13,10
41,14,16.0,34.0,0,14,11
41,15,51.0,35.0,0,15,13
41,16,60.0,42.0,0,16,15
41,17,37.0,43.0,0,17,17
41,18,68.0,46.0,0,18,19
41,19,21.0,49.0,0,19,20
41,20,4.0,51.0,0,20,21
41,21,38.0,57.0,0,21,23
41,22,58.0,59.0,0,22,24
41,23,69.0,59.0,0,23,25
41,24,97.0,59.0,0,24,0
41,25,24.0,60.0,0,25,27
41,26,10.0,61.0,0,26,26
41,27,85.0,63.0,0,27,29
41,28,64.0,68.0,0,28,30
41,29,34.0,70.0,0,29,31
41,30,17.0,72.0,0,30,33
41,31,72.0,72.0,0,31,32
41,32,89.0,76.0,0,32,34
41,33,67.0,78.0,0,33,35
41,34,10.0,80.0,0,34,36
41,35,78.0,83.0,0,35,37
41,36,91.0,87.0,0,36,38
42,1,26.0,4.0,0,1,1
42,2,62.0,6.0,0,2,2
42,3,29.0,11.0,0,3,3
42,4,42.0,11.0,0,4,4
42,5,54.0,11.0,0,5,5
42,6,15.0,18.0,0,6,6
42,7,26.0,21.0,0,7,8
42,8,44.0,24.0,0,8,9
42,9,1.3333333333333333,27.0,0,9,0
42,10,6.0,28.0,0,10,10
42,11,68.0,30.0,0,11,11
42,12,92.0,36.0,0,12,14
42,13,52.0,38.0,0,13,13
42,14,69.0,40.0,0,14,15
42,15,15.0,42.0,0,15,16
42,16,96.0,47.0,0,16,0
42,17,43.0,50.0,0,17,18
42,18,1.3333333333333333,53.0,0,18,0
42,19,67.0,54.0,0,19,19
42,20,19.0,57.0,0,20,20
42,21,38.0,57.0,0,21,21
42,22,50.0,58.0,0,22,22
42,23,5.0,63.0,0,23,23
42,24,72.0,63.0,0,24,24
42,25,26.0,65.0,0,25,26
42,26,64.0,65.0,0,26,25
42,27,92.0,71.0,0,27,28
42,28,77.0,80.0,0,28,30
42,29,93.0,83.0,0,29,0
42,30,58.0,85.0,0,30,31
42,31,67.0,87.0,0,31,32
42,32,27.0,88.0,0,32,33
42,33,47.0,92.0,0,33,34
42,34,39.0,95.0,0,34,0
43,1,2.0,5.0,0,1,0
43,2,77.0,6.0,0,2,2
43,3,14.0,7.0,0,3,3
43,4,40.0,7.0,0,4,4
43,5,29.0,12.0,0,5,5
43,6,84.0,15.0,0,6,6
43,7,97.66666666666667,15.0,0,7,0
43,8,45.0,17.0,0,8,8
43,9,8.0,18.0,0,9,7
43,10,60.0,20.0,0,10,9
43,11,16.0,21.0,0,11,10
43,12,91.0,22.0,0,12,11
43,13,33.0,24.0,0,13,12
43,14,11.0,27.0,0,14,13
43,15,22.0,32.0,0,15,14
43,16,35.0,35.0,0,16,16
43,17,96.0,35.0,0,17,0
43,18,73.0,43.0,0,18,17
43,19,86.0,48.0,0,19,20
43,20,48.0,53.0,0,20,22
43,21,82.0,54.0,0,21,23
43,22,71.0,56.0,0,22,24
43,23,18.0,57.0,0,23,25
43,24,95.0,62.0,0,24,0
43,25,55.0,64.0,0,25,27
43,26,87.0,69.0,0,26,32
43,27,46.0,70.0,0,27,31
43,28,29.0,71.0,0,28,33
43,29,22.0,79.0,0,29,37
43,30,92.0,79.0,0,30,36
43,31,33.0,84.0,0,31,39
43,32,86.0,85.0,0,32,40
43,33,97.0,86.0,0,33,0
43,34,71.0,90.0,0,34,41
44,1,58.0,1.3333333333333333,0,1,0
44,2,16.0,5.0,0,2,3
44,3,69.0,5.0,0,3,1
44,4,35.0,6.0,0,4,2
44,5,80.0,11.0,0,5,4
44,6,15.0,12.0,0,6,3
44,7,54.0,18.0,0,7,5
44,8,4.0,19.0,0,8,0
44,9,35.0,19.0,0,9,8
44,10,44.0,19.0,0,10,6
44,11,16.0,20.0,0,11,7
44,12,24.0,26.0,0,12,10
44,13,40.0,28.0,0,13,12
44,14,48.0,28.0,0,14,11
44,15,4.0,30.0,0,15,14
44,16,80.0,32.0,0,16,13
44,17,47.0,37.0,0,17,16
44,18,17.0,38.0,0,18,15
44,19,56.0,38.0,0,19,18
44,20,26.0,40.0,0,20,20
44,21,70.0,41.0,0,21,19
44,22,1.3333333333333333,47.0,0,22,0
44,23,20.0,47.0,0,23,23
44,24,52.0,48.0,0,24,24
44,25,62.0,48.0,0,25,22
44,26,49.0,58.0,0,26,27
44,27,65.0,58.0,0,27,26
44,28,78.0,62.0,0,28,28
44,29,40.0,66.0,0,29,29
44,30,55.0,66.0,0,30,30
44,31,66.0,69.0,0,31,31
44,32,55.0,79.0,0,32,34
44,33,60.0,88.0,0,33,37
44,34,24.0,89.0,0,34,38
44,35,12.0,93.0,0,35,39
44,36,83.0,96.0,0,36,0
44,37,68.0,97.0,0,37,0
45,1,65.0,1.826086956521739,0,1,0
45,2,14.0,7.0,0,2,1
45,3,37.0,12.0,0,3,2
45,4,42.0,21.0,0,4,3
45,5,52.0,24.0,0,5,4
45,6,6.0,25.0,0,6,5
45,7,61.0,32.0,0,7,6
45,8,26.0,33.0,0,8,8
45,9,44.0,41.0,0,9,12
45,10,88.0,47.0,0,10,14
45,11,26.0,49.0,0,11,15
45,12,79.0,52.0,0,12,17
45,13,4.0,54.0,0,13,16
45,14,93.0,61.0,0,14,19
45,15,15.0,69.0,0,15,22
45,16,61.0,78.0,0,16,24
45,17,22.0,79.0,0,17,25
45,18,15.0,88.0,0,18,28
45,19,48.0,93.0,0,19,29
46,1,63.0,4.0,0,1,1
46,2,48.0,5.0,0,2,2
46,3,94.0,9.0,0,3,0
46,4,66.0,14.0,0,4,4
46,5,3.0,19.0,0,5,0
46,6,97.0,22.0,0,6,0
46,7,61.0,25.0,0,7,7
46,8,88.0,32.0,0,8,9
46,9,71.0,37.0,0,9,0
46,10,38.0,42.0,0,10,10
46,11,26.0,47.0,0,11,11
46,12,96.0,47.0,0,12,0
46,13,12.0,50.0,0,13,13
46,14,49.0,50.0,0,14,14
46,15,67.0,50.0,0,15,12
46,16,97.66666666666667,56.0,0,16,0
46,17,69.0,59.0,0,17,17
46,18,58.0,60.0,0,18,16
46,19,80.0,61.0,0,19,18
46,20,43.0,64.0,0,20,20
46,21,9.0,67.0,0,21,21
46,22,43.0,78.0,0,22,22
46,23,52.0,81.0,0,23,23
46,24,32.0,82.0,0,24,24
46,25,64.0,84.0,0,25,25
46,26,75.0,87.0,0,26,26
47,1,52.0,4.0,0,1,1
47,2,38.0,6.0,0,2,2
47,3,96.0,8.0,0,3,0
47,4,67.0,14.0,0,4,3
47,5,46.0,16.0,0,5,6
47,6,92.0,20.0,0,6,0
47,7,31.0,22.0,0,7,7
47,8,80.0,26.0,0,8,8
47,9,52.0,27.0,0,9,9
47,10,72.0,30.0,0,10,10
47,11,91.0,33.0,0,11,11
47,12,12.0,35.0,0,12,12
47,13,51.0,37.0,0,13,13
47,14,62.0,39.0,0,14,14
47,15,15.0,47.0,0,15,16
47,16,3.0,48.0,0,16,17
47,17,29.0,49.0,0,17,18
47,18,50.0,52.0,0,18,19
47,19,57.0,53.0,0,19,22
47,20,17.0,56.0,0,20,23
47,21,4.0,61.0,0,21,25
47,22,41.0,64.0,0,22,26
47,23,12.0,68.0,0,23,29
47,24,32.0,68.0,0,24,28
47,25,3.0,72.0,0,25,0
47,26,82.0,73.0,0,26,30
47,27,52.0,78.0,0,27,31
47,28,68.0,80.0,0,28,32
47,29,96.0,81.0,0,29,0
47,30,44.0,84.0,0,30,33
47,31,27.0,87.0,0,31,34
47,32,86.0,89.0,0,32,35
47,33,91.0,89.0,0,33,36
47,34,12.0,91.0,0,34,37
48,1,94.0,2.0,0,1,0
48,2,82.0,3.0,0,2,0
48,3,26.0,5.0,0,3,1
48,4,35.0,9.0,0,4,2
48,5,19.0,14.0,0,5,3
48,6,47.0,18.0,0,6,4
48,7,62.0,22.0,0,7,6
48,8,12.0,23.0,0,8,5
48,9,24.0,27.0,0,9,7
48,10,41.0,28.0,0,10,9
48,11,56.0,28.0,0,11,8
48,12,69.0,31.0,0,12,10
48,13,52.0,37.0,0,13,11
48,14,27.0,38.0,0,14,12
48,15,97.0,40.0,0,15,0
48,16,88.0,44.0,0,16,13
48,17,15.0,50.0,0,17,14
48,18,59.0,52.0,0,18,15
48,19,84.0,60.0,0,19,16
48,20,47.0,63.0,0,20,17
48,21,18.0,64.0,0,21,18
48,22,9.0,67.0,0,22,20
48,23,59.0,68.0,0,23,21
48,24,31.0,76.0,0,24,24
48,25,46.0,77.0,0,25,23
48,26,90.0,81.0,0,26,26
48,27,80.0,88.0,0,27,29
48,28,52.0,89.0,0,28,30
48,29,33.0,94.0,0,29,31
48,30,91.0,96.0,0,30,0
49,1,12.0,1.3333333333333333,0,1,0
49,2,81.0,2.0,0,2,0
49,3,93.0,6.0,0,3,0
49,4,63.0,11.0,0,4,4
49,5,82.0,12.0,0,5,2
49,6,23.0,13.0,0,6,5
49,7,42.0,17.0,0,7,6
49,8,73.0,22.0,0,8,7
49,9,88.0,23.0,0,9,9
49,10,56.0,24.0,0,10,11
49,11,27.0,25.0,0,11,10
49,12,64.0,28.0,0,12,13
49,13,43.0,29.0,0,13,12
49,14,18.0,31.0,0,14,15
49,15,93.0,31.0,0,15,14
49,16,74.0,33.0,0,16,16
49,17,38.0,36.0,0,17,17
49,18,64.0,37.0,0,18,18
49,19,52.0,39.0,0,19,19
49,20,10.0,41.0,0,20,20
49,21,74.0,41.0,0,21,21
49,22,30.0,42.0,0,22,22
49,23,87.0,43.0,0,23,23
49,24,54.0,50.0,0,24,25
49,25,80.0,50.0,0,25,26
49,26,89.0,50.0,0,26,24
49,27,18.0,61.0,0,27,28
49,28,52.0,63.0,0,28,30
49,29,84.0,65.0,0,29,31
49,30,96.0,70.0,0,30,0
49,31,53.0,73.0,0,31,33
49,32,52.0,85.0,0,32,37
49,33,68.0,89.0,0,33,39
49,34,28.0,96.0,0,34,0
49,35,42.0,97.0,0,35,0
50,1,22.0,2.0,0,1,0
50,2,35.0,9.0,0,2,1
50,3,23.0,12.0,0,3,3
50,4,49.0,15.0,0,4,4
50,5,57.0,17.0,0,5,6
50,6,32.0,21.0,0,6,7
50,7,71.0,28.0,0,7,9
50,8,46.0,32.0,0,8,11
50,9,58.0,33.0,0,9,13
50,10,37.0,34.0,0,10,12
50,11,20.0,36.0,0,11,14
50,12,68.0909090909091,38.09090909090909,0,12,15
50,13,6.0,40.0,0,13,16
50,14,69.9090909090909,42.90909090909091,0,14,15
50,15,18.0,47.0,0,15,18
50,16,94.0,57.0,0,16,0
50,17,44.0,64.0,0,17,20
50,18,68.0,67.0,0,18,21
50,19,42.0,77.0,0,19,25
50,20,87.0,80.0,0,20,26
50,21,59.0,81.0,0,21,27
50,22,49.0,87.0,0,22,29
50,23,41.0,89.0,0,23,30
50,24,23.0,92.0,0,24,32
50,25,96.0,92.0,0,25,0
51,1,19.0,1.3333333333333333,0,1,0
51,2,49.0,2.0,0,2,0
51,3,82.0,2.0,0,3,0
51,4,41.0,3.0,0,4,0
51,5,34.0,4.0,0,5,0
51,6,94.0,7.0,0,6,0
51,7,50.0,10.0,0,7,1
51,8,61.0,13.0,0,8,3
51,9,4.0,14.0,0,9,4
51,10,37.0,14.0,0,10,2
51,11,90.0,15.0,0,11,5
51,12,24.0,16.0,0,12,6
51,13,51.0,20.0,0,13,7
51,14,28.0,21.0,0,14,8
51,15,97.0,24.0,0,15,0
51,16,4.0,26.0,0,16,9
51,17,73.0,34.0,0,17,11
51,18,58.0,36.0,0,18,12
51,19,82.0,38.0,0,19,15
51,20,76.0,44.0,0,20,18
51,21,96.0,45.0,0,21,0
51,22,34.0,48.0,0,22,19
51,23,59.0,51.0,0,23,20
51,24,89.0,52.0,0,24,21
51,25,11.0,59.0,0,25,22
51,26,21.0,59.0,0,26,23
51,27,5.0,67.0,0,27,0
51,28,29.0,70.0,0,28,26
51,29,92.0,72.0,0,29,0
51,30,2.0,74.0,0,30,0
51,31,64.0,75.0,0,31,30
51,32,76.0,75.0,0,32,28
51,33,55.0,77.0,0,33,29
51,34,78.0,86.0,0,34,32
51,35,52.0,87.0,0,35,33
51,36,11.0,93.0,0,36,36
52,1,86.0,6.0,0,1,1
52,2,27.0,7.0,0,2,2
52,3,3.0,9.0,0,3,0
52,4,34.0,9.0,0,4,3
52,5,71.0,9.0,0,5,4
52,6,72.0,19.0,0,6,6
52,7,95.0,19.0,0,7,0
52,8,82.0,20.0,0,8,7
52,9,11.0,23.0,0,9,8
52,10,44.0,23.0,0,10,9
52,11,22.0,26.0,0,11,10
52,12,61.0,30.0,0,12,11
52,13,41.0,32.0,0,13,12
52,14,52.0,32.0,0,14,13
52,15,87.0,34.0,0,15,14
52,16,1.3333333333333333,36.0,0,16,0
52,17,13.0,36.0,0,17,16
52,18,30.0,36.0,0,18,15
52,19,68.0,37.0,0,19,17
52,20,80.0,38.0,0,20,18
52,21,18.0,43.0,0,21,20
52,22,26.0,43.0,0,22,19
52,23,36.0,45.0,0,23,21
52,24,75.0,48.0,0,24,22
52,25,49.0,50.0,0,25,23
52,26,42.0,52.0,0,26,25
52,27,95.0,53.0,0,27,0
52,28,31.0,54.0,0,28,24
52,29,11.0,60.0,0,29,26
52,30,54.0,63.0,0,30,29
52,31,70.0,63.0,0,31,30
52,32,5.0,64.0,0,32,28
52,33,85.0,70.0,0,33,31
52,34,72.0,72.0,0,34,32
52,35,18.0,74.0,0,35,33
52,36,41.0,76.0,0,36,34
52,37,86.0,77.0,0,37,35
52,38,34.0,78.0,0,38,36
52,39,62.0,78.0,0,39,37
52,40,75.0,82.0,0,40,39
52,41,48.0,83.0,0,41,38
52,42,22.0,84.0,0,42,40
52,43,18.0,90.0,0,43,42
52,44,50.0,91.0,0,44,43
52,45,62.0,91.0,0,45,44
52,46,80.0,91.0,0,46,45
52,47,1.826086956521739,92.0,0,47,0
52,48,30.0,94.0,0,48,46
52,49,75.0,96.0,0,49,0
53,1,46.0,1.826086956521739,0,1,0
53,2,20.0,5.0,0,2,0
53,3,66.0,5.0,0,3,2
53,4,94.0,5.0,0,4,0
53,5,11.0,6.0,0,5,1
53,6,30.0,8.0,0,6,4
53,7,46.0,9.0,0,7,5
53,8,1.826086956521739,10.0,0,8,0
53,9,85.0,12.0,0,9,6
53,10,54.0,13.0,0,10,8
53,11,39.0,14.0,0,11,7
53,12,11.0,15.0,0,12,9
53,13,94.0,15.0,0,13,0
53,14,32.0,19.0,0,14,10
53,15,67.0,19.0,0,15,11
53,16,61.0,21.0,0,16,12
53,17,77.0,22.0,0,17,13
53,18,53.0,24.0,0,18,15
53,19,88.0,24.0,0,19,14
53,20,44.0,27.0,0,20,16
53,21,61.0,28.0,0,21,17
53,22,13.0,29.0,0,22,18
53,23,34.0,30.0,0,23,19
53,24,7.0,32.0,0,24,0
53,25,44.0,36.0,0,25,20
53,26,66.0,38.0,0,26,21
53,27,31.0,40.0,0,27,22
53,28,50.0,41.0,0,28,25
53,29,74.0,41.0,0,29,23
53,30,7.0,46.0,0,30,26
53,31,20.5,46.0,0,31,27
53,32,43.0,46.0,0,32,28
53,33,36.0,49.0,0,33,29
53,34,64.0,49.0,0,34,30
53,35,28.0,50.0,0,35,31
53,36,87.0,50.0,0,36,34
53,37,54.0,52.0,0,37,32
53,38,74.0,52.0,0,38,33
53,39,40.0,57.0,0,39,35
53,40,96.0,57.0,0,40,0
53,41,84.0,58.0,0,41,36
53,42,18.0,59.0,0,42,38
53,43,46.0,61.0,0,43,40
53,44,31.0,65.0,0,44,41
53,45,40.0,68.0,0,45,42
53,46,57.0,68.0,0,46,43
53,47,64.0,68.0,0,47,44
53,48,1.826086956521739,70.0,0,48,0
53,49,81.0,70.0,0,49,45
53,50,49.0,71.0,0,50,46
53,51,95.0,72.0,0,51,0
53,52,14.0,76.0,0,52,0
53,53,44.0,77.0,0,53,47
53,54,54.0,79.0,0,54,48
53,55,86.0,80.0,0,55,49
53,56,76.0,84.0,0,56,51
53,57,48.0,88.0,0,57,52
53,58,28.0,89.0,0,58,53
53,59,87.0,91.0,0,59,54
53,60,3.0,94.0,0,60,0
53,61,14.0,97.17391304347827,0,61,0
53,62,60.0,97.66666666666667,0,62,0
54,1,69.0,3.0,0,1,0
54,2,96.0,6.0,0,2,0
54,3,3.0,8.0,0,3,2
54,4,37.0,9.0,0,4,3
54,5,51.0,9.0,0,5,4
54,6,84.0,11.0,0,6,5
54,7,74.0,13.0,0,7,6
54,8,49.0,21.0,0,8,9
54,9,33.0,22.0,0,9,8
54,10,92.0,23.0,0,10,10
54,11,22.0,27.0,0,11,11
54,12,85.0,29.0,0,12,12
54,13,97.66666666666667,30.0,0,13,0
54,14,46.0,34.0,0,14,14
54,15,14.0,35.0,0,15,13
54,16,70.0,36.0,0,16,15
54,17,2.0,38.0,0,17,0
54,18,86.0,39.0,0,18,16
54,19,6.0,49.0,0,19,0
54,20,51.0,49.0,0,20,17
54,21,88.0,59.0,0,21,21
54,22,11.0,61.0,0,22,22
54,23,62.0,65.0,0,23,23
54,24,23.0,74.0,0,24,25
54,25,51.0,77.0,0,25,27
54,26,12.0,87.0,0,26,31
54,27,34.0,93.0,0,27,34
54,28,76.0,96.0,0,28,0
54,29,45.0,97.66666666666667,0,29,0
55,1,13.0,9.0,0,1,2
55,2,70.0,12.0,0,2,5
55,3,76.0,21.0,0,3,6
55,4,67.0,26.0,0,4,7
55,5,51.0,36.0,0,5,9
55,6,78.0,39.0,0,6,10
55,7,66.0,40.0,0,7,11
55,8,1.826086956521739,41.0,0,8,0
55,9,44.0,42.0,0,9,12
55,10,21.0,46.0,0,10,13
55,11,90.0,49.0,0,11,14
55,12,11.0,55.0,0,12,15
55,13,12.0,67.0,0,13,17
55,14,96.0,67.0,0,14,0
55,15,34.0,69.0,0,15,19
55,16,97.66666666666667,86.0,0,16,0
55,17,16.0,96.0,0,17,0
56,1,30.0,5.0,0,1,1
56,2,48.0,6.0,0,2,2
56,3,83.0,9.0,0,3,3
56,4,63.0,12.0,0,4,4
56,5,97.0,14.0,0,5,0
56,6,10.0,21.0,0,6,6
56,7,21.0,26.0,0,7,7
56,8,35.0,31.0,0,8,9
56,9,77.0,31.0,0,9,10
56,10,11.0,32.0,0,10,8
56,11,88.0,37.0,0,11,11
56,12,42.0,39.0,0,12,13
56,13,78.0,41.0,0,13,14
56,14,96.0,46.0,0,14,0
56,15,81.0,48.0,0,15,16
56,16,45.0,49.0,0,16,17
56,17,95.0,54.0,0,17,0
56,18,62.0,57.0,0,18,20
56,19,81.0,57.0,0,19,19
56,20,70.0,62.0,0,20,21
56,21,46.0,66.0,0,21,22
56,22,17.0,67.0,0,22,23
56,23,57.0,67.0,0,23,24
56,24,2.0,71.0,0,24,0
56,25,94.0,72.0,0,25,0
56,26,65.0,74.5,0,26,26
56,27,22.0,76.0,0,27,27
56,28,81.0,78.0,0,28,28
56,29,93.0,82.0,0,29,29
56,30,2.0,85.0,0,30,0
56,31,21.0,90.0,0,31,32
56,32,17.0,97.0,0,32,0
57,1,36.0,1.3333333333333333,0,1,0
57,2,61.0,4.0,0,2,0
57,3,70.0,4.0,0,3,0
57,4,19.0,11.0,0,4,3
57,5,39.0,11.0,0,5,1
57,6,81.0,12.0,0,6,2
57,7,70.0,13.0,0,7,4
57,8,61.0,17.0,0,8,6
57,9,42.0,19.0,0,9,7
57,10,50.0,25.0,0,10,9
57,11,26.0,26.0,0,11,8
57,12,90.0,26.0,0,12,10
57,13,97.66666666666667,26.0,0,13,0
57,14,5.0,28.0,0,14,11
57,15,38.0,29.0,0,15,12
57,16,19.0,32.0,0,16,14
57,17,26.0,46.0,0,17,15
57,18,14.0,51.0,0,18,16
57,19,67.0,51.0,0,19,17
57,20,36.0,57.0,0,20,19
57,21,87.0,57.0,0,21,20
57,22,23.0,58.0,0,22,18
57,23,63.0,64.0,0,23,21
57,24,95.0,65.0,0,24,0
57,25,8.0,67.0,0,25,22
57,26,53.0,69.0,0,26,23
57,27,76.0,88.0,0,27,28
57,28,6.0,95.0,0,28,0
58,1,27.0,1.3333333333333333,0,1,0
58,2,29.0,11.0,0,2,1
58,3,2.0,15.0,0,3,0
58,4,19.0,19.0,0,4,3
58,5,55.0,27.0,0,5,4
58,6,81.0,27.0,0,6,5
58,7,33.0,28.0,0,7,6
58,8,14.0,31.0,0,8,7
58,9,80.0,35.0,0,9,8
58,10,20.0,38.0,0,10,10
58,11,43.0,38.0,0,11,9
58,12,64.0,40.0,0,12,11
58,13,75.0,42.0,0,13,12
58,14,81.0,45.0,0,14,14
58,15,25.0,46.0,0,15,13
58,16,89.0,46.0,0,16,15
58,17,42.0,48.0,0,17,16
58,18,7.0,50.0,0,18,17
58,19,97.0,51.0,0,19,0
58,20,69.0,53.0,0,20,18
58,21,45.0,58.0,0,21,22
58,22,57.0,63.0,0,22,23
58,23,71.0,64.0,0,23,24
58,24,8.0,65.0,0,24,25
58,25,84.0,67.0,0,25,26
58,26,65.0,70.0,0,26,27
58,27,45.0,72.0,0,27,28
58,28,76.0,73.0,0,28,29
58,29,21.0,81.0,0,29,31
58,30,53.0,84.0,0,30,33
58,31,36.0,85.0,0,31,32
58,32,87.0,85.0,0,32,34
58,33,1.3333333333333333,89.0,0,33,0
58,34,60.0,92.0,0,34,37
58,35,23.0,93.0,0,35,35
58,36,50.0,93.0,0,36,36
58,37,82.0,94.0,0,37,38
58,38,37.0,96.0,0,38,0
59,1,51.0,4.0,0,1,2
59,2,37.0,6.0,0,2,1
59,3,90.0,7.0,0,3,3
59,4,43.0,13.0,0,4,4
59,5,26.0,15.0,0,5,5
59,6,80.0,16.0,0,6,6
59,7,87.0,23.0,0,7,8
59,8,20.0,24.0,0,8,9
59,9,50.0,26.0,0,9,11
59,10,38.0,31.0,0,10,13
59,11,74.0,31.0,0,11,14
59,12,6.0,32.0,0,12,12
59,13,83.0,34.0,0,13,15
59,14,17.0,37.0,0,14,17
59,15,28.0,37.0,0,15,16
59,16,40.0,38.0,0,16,18
59,17,61.0,40.0,0,17,19
59,18,72.0,40.0,0,18,20
59,19,6.0,45.0,0,19,21
59,20,47.0,47.0,0,20,22
59,21,62.0,48.0,0,21,24
59,22,36.0,49.0,0,22,23
59,23,16.0,50.0,0,23,0
59,24,10.0,55.0,0,24,25
59,25,49.0,56.0,0,25,26
59,26,21.0,58.0,0,26,27
59,27,85.0,63.0,0,27,29
59,28,14.0,64.0,0,28,30
59,29,27.0,64.0,0,29,31
59,30,20.0,71.0,0,30,32
59,31,41.0,73.0,0,31,34
59,32,57.0,73.0,0,32,33
59,33,33.0,88.0,0,33,35
59,34,22.0,96.0,0,34,0
59,35,44.0,97.0,0,35,0
60,1,24.0,3.0,0,1,0
60,2,95.0,3.0,0,2,0
60,3,48.0,4.0,0,3,0
60,4,33.0,7.0,0,4,1
60,5,57.0,7.0,0,5,0
60,6,67.0,7.0,0,6,2
60,7,7.0,15.0,0,7,4
60,8,56.0,15.0,0,8,3
60,9,42.0,16.0,0,9,0
60,10,83.0,17.0,0,10,5
60,11,72.0,21.0,0,11,0
60,12,44.0,26.0,0,12,6
60,13,15.0,29.0,0,13,7
60,14,27.0,33.0,0,14,8
60,15,62.0,36.0,0,15,10
60,16,42.0,37.0,0,16,9
60,17,58.0,44.0,0,17,12
60,18,47.0,45.0,0,18,11
60,19,68.0,49.0,0,19,13
60,20,13.0,55.0,0,20,14
60,21,28.0,55.0,0,21,15
60,22,74.0,56.0,0,22,16
60,23,47.0,58.0,0,23,17
60,24,95.0,59.0,0,24,0
60,25,64.0,62.0,0,25,18
60,26,6.0,68.0,0,26,19
60,27,26.0,70.0,0,27,22
60,28,47.0,70.0,0,28,20
60,29,73.0,70.0,0,29,21
60,30,35.0,71.0,0,30,23
60,31,57.0,75.0,0,31,24
60,32,12.0,79.0,0,32,25
60,33,44.0,80.0,0,33,26
60,34,64.0,82.0,0,34,27
60,35,82.0,83.0,0,35,28
60,36,35.0,85.0,0,36,30
60,37,56.0,86.0,0,37,29
60,38,47.0,89.0,0,38,32
60,39,15.0,90.0,0,39,31
60,40,65.0,92.0,0,40,33
60,41,73.0,95.0,0,41,0
61,1,97.0,1.3333333333333333,0,1,0
61,2,79.0,5.0,0,2,0
61,3,89.0,6.0,0,3,1
61,4,23.0,10.0,0,4,2
61,5,85.0,11.0,0,5,3
61,6,33.0,12.0,0,6,4
61,7,96.0,15.0,0,7,0
61,8,40.0,20.0,0,8,5
61,9,50.0,20.0,0,9,6
61,10,62.0,23.0,0,10,7
61,11,74.0,27.0,0,11,8
61,12,51.0,30.0,0,12,9
61,13,33.0,43.0,0,13,11
61,14,3.0,45.0,0,14,0
61,15,21.0,46.0,0,15,13
61,16,46.0,48.0,0,16,14
61,17,30.0,54.0,0,17,15
61,18,19.0,58.0,0,18,16
61,19,45.0,71.0,0,19,17
61,20,37.0,72.0,0,20,19
61,21,15.0,73.0,0,21,21
61,22,59.0,73.0,0,22,20
61,23,72.0,80.0,0,23,22
61,24,97.66666666666667,80.0,0,24,0
61,25,5.0,82.0,0,25,23
61,26,60.0,85.0,0,26,26
61,27,47.0,95.0,0,27,0
61,28,97.66666666666667,97.0,0,28,0
62,1,33.0,2.0,0,1,0
62,2,58.0,2.0,0,2,0
62,3,69.0,3.0,0,3,0
62,4,58.0,9.0,0,4,1
62,5,8.0,10.0,0,5,2
62,6,84.0,11.0,0,6,3
62,7,45.0,20.0,0,7,4
62,8,16.0,23.0,0,8,5
62,9,28.0,27.0,0,9,6
62,10,63.0,30.0,0,10,8
62,11,49.0,39.0,0,11,9
62,12,59.0,39.0,0,12,10
62,13,70.0,42.0,0,13,11
62,14,13.0,49.0,0,14,12
62,15,30.0,49.0,0,15,13
62,16,74.0,50.0,0,16,14
62,17,48.0,52.0,0,17,15
62,18,97.0,53.0,0,18,0
62,19,65.0,56.0,0,19,16
62,20,7.0,62.0,0,20,17
62,21,48.0,63.0,0,21,18
62,22,28.0,64.0,0,22,20
62,23,74.0,64.0,0,23,19
62,24,37.0,65.0,0,24,21
62,25,58.0,69.0,0,25,22
62,26,13.0,73.0,0,26,23
62,27,45.0,75.0,0,27,24
62,28,65.0,76.0,0,28,25
62,29,83.0,77.0,0,29,26
62,30,57.0,80.0,0,30,27
62,31,48.0,83.0,0,31,30
62,32,16.0,84.0,0,32,29
62,33,66.0,86.0,0,33,31
62,34,74.0,89.0,0,34,32
62,35,1.3333333333333333,94.0,0,35,0
63,1,49.0,15.0,0,1,1
63,2,62.0,20.0,0,2,2
63,3,21.0,27.0,0,3,3
63,4,33.0,27.0,0,4,4
63,5,50.0,31.0,0,5,5
63,6,34.0,42.0,0,6,7
63,7,87.0,42.0,0,7,6
63,8,45.0,45.0,0,8,9
63,9,60.0,48.0,0,9,10
63,10,30.0,52.0,0,10,11
63,11,75.0,52.0,0,11,12
63,12,89.0,55.0,0,12,13
63,13,52.0,63.0,0,13,14
63,14,1.3333333333333333,66.0,0,14,0
63,15,47.0,71.0,0,15,16
63,16,25.0,72.0,0,16,17
63,17,87.0,72.0,0,17,18
63,18,11.0,78.0,0,18,19
63,19,45.0,79.0,0,19,22
63,20,94.0,92.0,0,20,0
63,21,12.0,93.0,0,21,23
63,22,37.0,95.0,0,22,0
63,23,71.0,95.0,0,23,24
64,1,74.0,3.0,0,1,0
64,2,62.0,5.0,0,2,1
64,3,51.0,8.0,0,3,2
64,4,97.66666666666667,9.0,0,4,0
64,5,31.0,14.0,0,5,3
64,6,66.0,19.0,0,6,4
64,7,80.0,19.0,0,7,5
64,8,49.0,21.0,0,8,6
64,9,25.0,28.0,0,9,8
64,10,97.17391304347827,28.0,0,10,0
64,11,87.0,34.0,0,11,9
64,12,66.0,37.0,0,12,10
64,13,33.0,46.0,0,13,13
64,14,45.0,54.0,0,14,14
64,15,96.0,60.0,0,15,0
64,16,61.0,63.0,0,16,16
64,17,50.0,70.0,0,17,17
64,18,40.0,71.0,0,18,18
64,19,58.0,82.0,0,19,22
64,20,17.0,83.0,0,20,20
64,21,43.0,84.0,0,21,21
64,22,82.0,93.0,0,22,23
65,1,4.0,1.3333333333333333,0,1,0
65,2,35.0,2.0,0,2,0
65,3,75.0,3.0,0,3,0
65,4,62.0,6.0,0,4,1
65,5,75.0,11.0,0,5,2
65,6,16.0,12.0,0,6,0
65,7,34.0,14.0,0,7,3
65,8,60.0,15.0,0,8,4
65,9,95.0,20.0,0,9,0
65,10,5.0,23.0,0,10,6
65,11,78.0,25.0,0,11,7
65,12,88.0,28.0,0,12,9
65,13,57.0,31.0,0,13,10
65,14,43.0,32.0,0,14,11
65,15,8.0,36.0,0,15,12
65,16,34.0,39.0,0,16,13
65,17,47.0,39.0,0,17,14
65,18,78.0,39.0,0,18,15
65,19,26.0,45.0,0,19,17
65,20,95.0,46.0,0,20,0
65,21,70.0,47.0,0,21,19
65,22,41.0,52.0,0,22,21
65,23,91.0,52.0,0,23,22
65,24,23.0,53.0,0,24,23
65,25,83.0,55.0,0,25,25
65,26,50.0,56.0,0,26,24
65,27,1.3333333333333333,65.0,0,27,0
65,28,35.0,74.0,0,28,30
65,29,10.0,83.0,0,29,31
65,30,20.0,84.0,0,30,32
65,31,44.0,88.0,0,31,33
65,32,89.0,90.0,0,32,35
65,33,62.0,97.0,0,33,0
65,34,77.0,97.0,0,34,0
66,1,18.0,2.0,0,1,0
66,2,31.0,2.0,0,2,0
66,3,88.0,2.0,0,3,0
66,4,62.0,3.0,0,4,0
66,5,10.0,6.0,0,5,1
66,6,96.0,10.0,0,6,0
66,7,43.0,11.0,0,7,3
66,8,32.0,13.0,0,8,4
66,9,58.0,14.0,0,9,6
66,10,19.0,15.0,0,10,5
66,11,2.0,20.0,0,11,0
66,12,40.0,22.0,0,12,7
66,13,54.0,23.0,0,13,8
66,14,68.0,23.0,0,14,9
66,15,10.0,24.0,0,15,10
66,16,18.0,27.0,0,16,11
66,17,64.0,29.0,0,17,12
66,18,39.0,34.0,0,18,13
66,19,76.0,34.0,0,19,14
66,20,88.0,45.0,0,20,16
66,21,41.0,46.0,0,21,15
66,22,74.0,47.0,0,22,17
66,23,70.0,58.0,0,23,20
66,24,81.0,66.0,0,24,22
66,25,27.0,71.0,0,25,23
66,26,58.0,71.0,0,26,24
66,27,51.0,78.0,0,27,25
66,28,37.0,79.0,0,28,26
66,29,76.0,79.0,0,29,27
66,30,65.0,82.0,0,30,28
66,31,22.0,87.0,0,31,29
66,32,86.0,89.0,0,32,30
66,33,76.0,92.0,0,33,31
66,34,30.0,94.0,0,34,0
66,35,66.0,95.0,0,35,0
66,36,10.0,97.0,0,36,0
67,1,65.0,1.826086956521739,0,1,0
67,2,83.0,7.0,0,2,2
67,3,71.0,8.0,0,3,3
67,4,8.0,10.0,0,4,4
67,5,34.0,10.0,0,5,5
67,6,22.0,14.0,0,6,6
67,7,78.0,17.0,0,7,7
67,8,92.0,17.0,0,8,8
67,9,1.826086956521739,19.0,0,9,0
67,10,39.0,20.0,0,10,9
67,11,54.0,22.0,0,11,10
67,12,10.0,23.0,0,12,11
67,13,85.0,25.0,0,13,12
67,14,27.0,26.0,0,14,13
67,15,5.0,29.0,0,15,14
67,16,96.0,32.0,0,16,0
67,17,16.0,34.0,0,17,15
67,18,48.0,35.0,0,18,16
67,19,90.0,37.0,0,19,18
67,20,29.0,38.0,0,20,17
67,21,67.0,46.0,0,21,20
67,22,32.0,49.0,0,22,0
67,23,80.0,50.0,0,23,22
67,24,90.0,54.0,0,24,0
67,25,41.0,55.0,0,25,24
67,26,75.0,57.0,0,26,25
67,27,65.0,58.0,0,27,26
67,28,12.0,60.0,0,28,27
67,29,27.0,64.0,0,29,28
67,30,89.0,64.0,0,30,30
67,31,48.0,65.0,0,31,29
67,32,9.0,71.0,0,32,33
67,33,40.0,71.0,0,33,34
67,34,82.0,72.0,0,34,35
67,35,23.0,73.0,0,35,36
67,36,31.0,73.0,0,36,37
67,37,86.0,81.0,0,37,39
67,38,16.0,82.0,0,38,40
67,39,36.0,82.0,0,39,41
67,40,27.0,86.0,0,40,42
67,41,80.0,87.0,0,41,43
67,42,92.0,88.0,0,42,44
67,43,65.0,92.0,0,43,45
68,1,44.0,1.3333333333333333,0,1,0
68,2,22.0,10.0,0,2,1
68,3,24.0,16.0,0,3,2
68,4,77.0,16.0,0,4,3
68,5,64.0,18.0,0,5,4
68,6,94.0,24.0,0,6,0
68,7,33.0,28.0,0,7,8
68,8,77.0,30.0,0,8,9
68,9,47.0,35.0,0,9,10
68,10,6.0,45.0,0,10,12
68,11,60.0,49.0,0,11,13
68,12,91.0,53.0,0,12,14
68,13,67.0,63.0,0,13,18
68,14,92.0,63.0,0,14,0
68,15,56.0,64.0,0,15,16
68,16,58.0,77.0,0,16,22
68,17,58.0,88.0,0,17,24
68,18,18.0,92.0,0,18,25
68,19,75.0,93.0,0,19,26
68,20,3.0,97.17391304347827,0,20,0
68,21,55.0,97.17391304347827,0,21,0
68,22,24.0,97.66666666666667,0,22,0
69,1,97.0909090909091,1.9090909090909092,0,1,0
69,2,52.0,9.0,0,2,1
69,3,66.0,10.0,0,3,2
69,4,84.0,18.0,0,4,3
69,5,30.0,24.0,0,5,4
69,6,93.0,24.0,0,6,6
69,7,73.0,25.0,0,7,7
69,8,59.0,26.0,0,8,8
69,9,5.0,28.0,0,9,9
69,10,84.0,32.0,0,10,11
69,11,54.0,33.0,0,11,10
69,12,12.5,34.0,0,12,12
69,13,66.0,37.0,0,13,13
69,14,96.0,37.0,0,14,0
69,15,53.0,43.0,0,15,14
69,16,68.0,46.0,0,16,15
69,17,94.0,47.0,0,17,16
69,18,52.0,57.0,0,18,19
69,19,55.0,67.0,0,19,22
69,20,62.0,72.0,0,20,24
69,21,28.0,75.0,0,21,25
69,22,85.0,75.0,0,22,23
69,23,77.0,79.0,0,23,26
69,24,65.0,81.5,0,24,27
69,25,97.0,81.0,0,25,0
69,26,36.0,84.0,0,26,28
69,27,12.0,87.0,0,27,29
69,28,89.0,87.0,0,28,30
69,29,3.0,90.0,0,29,31
69,30,76.0,96.0,0,30,0
70,1,35.0,5.0,0,1,2
70,2,16.0,6.0,0,2,1
70,3,2.0,9.0,0,3,0
70,4,48.0,9.0,0,4,3
70,5,75.0,9.0,0,5,4
70,6,25.0,13.0,0,6,5
70,7,63.0,13.0,0,7,6
70,8,42.0,18.0,0,8,7
70,9,79.0,19.0,0,9,8
70,10,12.0,21.0,0,10,9
70,11,95.0,21.0,0,11,0
70,12,50.0,22.0,0,12,10
70,13,67.0,26.0,0,13,11
70,14,45.0,28.0,0,14,12
70,15,56.0,33.0,0,15,13
70,16,88.0,33.0,0,16,15
70,17,69.0,36.0,0,17,16
70,18,34.0,48.0,0,18,18
70,19,82.0,53.0,0,19,20
70,20,11.0,59.0,0,20,22
70,21,52.0,59.0,0,21,21
70,22,67.0,63.0,0,22,23
70,23,89.0,64.0,0,23,24
70,24,80.0,70.0,0,24,26
70,25,62.0,72.0,0,25,27
70,26,14.0,77.0,0,26,30
70,27,56.0,81.0,0,27,31
70,28,77.0,81.0,0,28,32
70,29,66.0,86.0,0,29,34
70,30,13.0,89.0,0,30,35
70,31,3.0,96.0,0,31,0
71,1,90.0,12.0,0,1,4
71,2,39.0,15.0,0,2,5
71,3,13.0,18.0,0,3,6
71,4,26.0,19.0,0,4,7
71,5,74.0,23.0,0,5,8
71,6,97.17391304347827,30.0,0,6,0
71,7,78.0,32.0,0,7,9
71,8,41.0,34.0,0,8,12
71,9,18.0,36.0,0,9,11
71,10,67.0,41.0,0,10,15
71,11,13.0,48.0,0,11,16
71,12,49.0,49.0,0,12,17
71,13,26.0,55.0,0,13,18
71,14,85.0,56.0,0,14,21
71,15,1.826086956521739,57.0,0,15,0
71,16,61.0,57.0,0,16,19
71,17,69.0,57.0,0,17,20
71,18,12.0,68.0,0,18,23
71,19,81.0,68.0,0,19,24
71,20,63.0,78.0,0,20,26
71,21,3.0,81.0,0,21,0
71,22,85.0,83.0,0,22,28
72,1,39.0,1.3333333333333333,0,1,0
72,2,96.0,3.0,0,2,0
72,3,4.0,5.0,0,3,0
72,4,86.0,6.0,0,4,1
72,5,33.0,7.0,0,5,2
72,6,17.0,9.0,0,6,3
72,7,27.0,19.0,0,7,5
72,8,39.0,21.0,0,8,6
72,9,15.0,24.0,0,9,7
72,10,97.0,30.0,0,10,0
72,11,87.0,32.0,0,11,0
72,12,78.0,36.0,0,12,8
72,13,94.0,38.0,0,13,0
72,14,15.0,39.0,0,14,9
72,15,65.0,43.0,0,15,11
72,16,9.0,46.0,0,16,12
72,17,53.0,47.0,0,17,13
72,18,39.0,50.0,0,18,14
72,19,87.0,52.0,0,19,15
72,20,48.0,58.0,0,20,17
72,21,75.0,59.0,0,21,18
72,22,16.0,64.0,0,22,20
72,23,62.0,68.0,0,23,22
72,24,7.0,70.0,0,24,23
72,25,43.0,73.0,0,25,25
72,26,75.0,81.0,0,26,27
72,27,55.0,86.0,0,27,28
72,28,86.0,86.0,0,28,30
72,29,66.0,90.0,0,29,31
72,30,15.0,93.0,0,30,33
73,1,55.0,1.3333333333333333,0,1,0
73,2,75.0,1.3333333333333333,0,2,0
73,3,26.0,7.0,0,3,0
73,4,68.0,9.0,0,4,1
73,5,54.0,11.0,0,5,2
73,6,92.0,14.0,0,6,3
73,7,8.0,16.0,0,7,0
73,8,68.0,16.0,0,8,4
73,9,26.0,20.0,0,9,5
73,10,52.0,20.0,0,10,6
73,11,88.0,24.0,0,11,8
73,12,69.0,29.0,0,12,10
73,13,62.0,33.0,0,13,11
73,14,80.0,33.0,0,14,12
73,15,49.0,36.0,0,15,13
73,16,35.0,37.0,0,16,14
73,17,90.0,37.0,0,17,15
73,18,2.0,40.0,0,18,0
73,19,97.0,41.0,0,19,0
73,20,26.0,43.0,0,20,16
73,21,39.0,44.0,0,21,17
73,22,71.0,44.0,0,22,18
73,23,17.0,50.0,0,23,20
73,24,87.0,50.0,0,24,21
73,25,61.0,52.0,0,25,22
73,26,83.0,56.0,0,26,24
73,27,15.0,58.0,0,27,25
73,28,41.0,60.0,0,28,26
73,29,75.0,60.0,0,29,27
73,30,97.66666666666667,64.0,0,30,0
73,31,2.0,72.0,0,31,0
73,32,94.0,78.0,0,32,0
73,33,27.0,79.0,0,33,32
73,34,2.0,87.0,0,34,0
73,35,12.0,90.0,0,35,33
73,36,36.0,93.0,0,36,34
73,37,82.0,96.0,0,37,0
74,1,58.0,10.0,0,1,1
74,2,96.0,11.0,0,2,0
74,3,43.0,17.0,0,3,2
74,4,69.0,18.0,0,4,5
74,5,30.0,19.0,0,5,3
74,6,53.0,19.0,0,6,4
74,7,14.0,22.0,0,7,6
74,8,44.0,29.0,0,8,8
74,9,11.0,31.0,0,9,9
74,10,22.0,31.0,0,10,11
74,11,52.0,31.0,0,11,10
74,12,35.0,32.0,0,12,12
74,13,65.0,35.0,0,13,13
74,14,82.0,36.0,0,14,14
74,15,15.0,38.0,0,15,15
74,16,1.3333333333333333,40.0,0,16,0
74,17,58.0,41.0,0,17,16
74,18,23.0,44.0,0,18,17
74,19,47.0,46.0,0,19,18
74,20,76.0,48.0,0,20,19
74,21,50.0,53.0,0,21,21
74,22,90.0,54.0,0,22,22
74,23,26.0,55.0,0,23,20
74,24,37.0,55.0,0,24,23
74,25,69.0,56.0,0,25,24
74,26,61.0,63.0,0,26,27
74,27,92.0,65.0,0,27,29
74,28,32.0,66.0,0,28,28
74,29,41.0,67.0,0,29,30
74,30,19.0,71.0,0,30,32
74,31,51.0,71.0,0,31,33
74,32,64.0,72.0,0,32,34
74,33,71.0,74.0,0,33,36
74,34,39.0,75.0,0,34,35
74,35,81.0,81.0,0,35,37
74,36,64.0,82.0,0,36,38
74,37,48.0,85.0,0,37,39
74,38,60.0,89.0,0,38,40
74,39,40.0,92.0,0,39,41
74,40,1.826086956521739,93.0,0,40,0
74,41,82.0,97.66666666666667,0,41,0
75,1,66.0,1.3333333333333333,0,1,0
75,2,5.0,3.0,0,2,0
75,3,23.0,6.0,0,3,1
75,4,96.0,6.0,0,4,0
75,5,76.0,8.0,0,5,4
75,6,86.0,8.0,0,6,2
75,7,2.0,14.0,0,7,0
75,8,62.0,14.0,0,8,5
75,9,81.0,19.0,0,9,6
75,10,26.0,20.0,0,10,7
75,11,42.0,27.0,0,11,8
75,12,81.0,29.0,0,12,9
75,13,93.0,31.0,0,13,0
75,14,45.0,38.0,0,14,11
75,15,33.0,40.0,0,15,12
75,16,59.0,42.0,0,16,13
75,17,80.0,43.0,0,17,14
75,18,88.0,45.0,0,18,15
75,19,11.0,47.0,0,19,16
75,20,22.0,50.0,0,20,18
75,21,34.0,53.0,0,21,19
75,22,72.0,55.0,0,22,20
75,23,9.0,58.0,0,23,21
75,24,62.0,59.0,0,24,22
75,25,42.0,60.0,0,25,24
75,26,33.0,64.0,0,26,25
75,27,83.0,70.0,0,27,26
75,28,97.0,72.0,0,28,0
75,29,74.0,76.0,0,29,27
75,30,56.0,78.0,0,30,28
75,31,42.0,83.0,0,31,29
75,32,82.0,91.0,0,32,31
75,33,58.0,94.0,0,33,0
76,1,72.0,3.0,0,1,0
76,2,96.0,17.0,0,2,0
76,3,40.0,18.0,0,3,1
76,4,49.0,22.0,0,4,2
76,5,34.0,27.0,0,5,3
76,6,60.0,31.0,0,6,4
76,7,25.0,36.0,0,7,6
76,8,76.0,36.0,0,8,7
76,9,38.0,40.0,0,9,8
76,10,55.0,41.0,0,10,10
76,11,70.0,41.0,0,11,9
76,12,83.0,44.0,0,12,11
76,13,66.0,50.0,0,13,12
76,14,41.0,51.0,0,14,13
76,15,29.0,63.0,0,15,14
76,16,72.0,66.0,0,16,15
76,17,97.0,72.0,0,17,0
76,18,60.0,75.0,0,18,16
76,19,32.0,77.0,0,19,17
76,20,11.0,78.0,0,20,0
76,21,61.0,90.0,0,21,22
76,22,44.0,91.0,0,22,23
76,23,91.0,95.0,0,23,24
76,24,32.0,96.0,0,24,0
77,1,71.0,5.0,0,1,3
77,2,93.0,7.0,0,2,1
77,3,32.0,9.0,0,3,4
77,4,50.0,12.0,0,4,5
77,5,54.0,17.0,0,5,7
77,6,83.0,17.0,0,6,6
77,7,65.0,19.0,0,7,9
77,8,96.0,19.0,0,8,0
77,9,35.0,20.0,0,9,8
77,10,74.0,24.0,0,10,11
77,11,51.0,25.0,0,11,10
77,12,27.0,27.0,0,12,12
77,13,84.0,28.0,0,13,13
77,14,48.0,32.0,0,14,14
77,15,73.0,32.0,0,15,15
77,16,61.0,34.0,0,16,16
77,17,19.0,35.0,0,17,17
77,18,39.0,37.0,0,18,19
77,19,83.0,37.0,0,19,18
77,20,97.0,42.0,0,20,0
77,21,62.0,45.0,0,21,20
77,22,88.0,45.0,0,22,21
77,23,49.0,53.0,0,23,22
77,24,26.0,55.0,0,24,23
77,25,62.0,58.0,0,25,25
77,26,93.0,59.0,0,26,27
77,27,6.0,60.0,0,27,26
77,28,62.0,68.0,0,28,29
77,29,62.0,80.0,0,29,32
77,30,26.0,84.0,0,30,33
77,31,36.0,92.0,0,31,35
77,32,51.0,93.0,0,32,36
78,1,49.0,2.0,0,1,0
78,2,38.0,9.0,0,2,1
78,3,51.0,10.0,0,3,2
78,4,84.0,13.0,0,4,3
78,5,60.0,17.0,0,5,6
78,6,13.0,18.0,0,6,7
78,7,42.0,20.0,0,7,8
78,8,53.0,23.0,0,8,9
78,9,84.0,23.0,0,9,10
78,10,86.0,34.0,0,10,14
78,11,33.0,42.0,0,11,16
78,12,95.0,44.0,0,12,0
78,13,86.0,47.0,0,13,17
78,14,77.0,48.0,0,14,18
78,15,64.0,50.0,0,15,21
78,16,34.0,51.0,0,16,19
78,17,44.0,55.0,0,17,22
78,18,82.0,59.0,0,18,24
78,19,90.0,63.0,0,19,25
78,20,22.0,67.0,0,20,26
78,21,33.0,69.0,0,21,27
78,22,46.0,70.0,0,22,28
78,23,57.0,72.0,0,23,29
78,24,23.0,76.0,0,24,30
78,25,37.0,77.0,0,25,31
78,26,5.0,82.0,0,26,32
78,27,50.0,83.0,0,27,33
78,28,75.0,87.0,0,28,34
78,29,64.0,88.0,0,29,35
78,30,7.0,95.0,0,30,0
78,31,73.0,96.0,0,31,0
79,1,23.0,2.0,0,1,0
79,2,73.0,2.0,0,2,0
79,3,86.0,10.0,0,3,1
79,4,42.0,15.0,0,4,3
79,5,27.0,17.0,0,5,4
79,6,60.0,17.0,0,6,5
79,7,4.0,18.0,0,7,6
79,8,79.0,23.0,0,8,7
79,9,50.0,29.0,0,9,8
79,10,96.0,29.0,0,10,0
79,11,39.0,30.0,0,11,10
79,12,75.0,32.0,0,12,12
79,13,64.0,34.0,0,13,13
79,14,31.0,41.0,0,14,15
79,15,91.0,50.0,0,15,18
79,16,46.0,51.0,0,16,17
79,17,9.0,58.0,0,17,20
79,18,96.0,64.0,0,18,0
79,19,25.0,73.0,0,19,22
79,20,35.0,78.0,0,20,24
79,21,68.0,86.0,0,21,26
79,22,26.0,88.0,0,22,27
79,23,47.0,91.0,0,23,28
79,24,5.0,92.0,0,24,30
79,25,22.0,93.0,0,25,31
80,1,39.0,2.0,0,1,0
80,2,62.0,2.0,0,2,0
80,3,97.0,7.0,0,3,0
80,4,73.0,8.0,0,4,1
80,5,4.0,10.0,0,5,2
80,6,25.0,12.0,0,6,4
80,7,77.0,20.0,0,7,6
80,8,52.0,21.0,0,8,7
80,9,3.0,25.0,0,9,0
80,10,38.0,26.0,0,10,9
80,11,66.0,26.0,0,11,8
80,12,90.0,26.0,0,12,10
80,13,76.0,30.0,0,13,11
80,14,56.0,33.0,0,14,12
80,15,11.0,34.0,0,15,13
80,16,97.66666666666667,34.0,0,16,0
80,17,38.0,38.0,0,17,15
80,18,90.0,38.0,0,18,14
80,19,95.0,45.0,0,19,0
80,20,90.0,52.0,0,20,19
80,21,7.0,57.0,0,21,20
80,22,24.0,62.0,0,22,21
80,23,94.0,62.0,0,23,0
80,24,83.0,64.0,0,24,22
80,25,97.66666666666667,71.0,0,25,0
80,26,84.0,74.0,0,26,24
80,27,39.0,87.0,0,27,28
80,28,95.0,97.0,0,28,0
81,1,68.0,3.0,0,1,0
81,2,76.0,12.0,0,2,2
81,3,16.0,14.0,0,3,3
81,4,91.0,18.0,0,4,4
81,5,6.0,20.0,0,5,5
81,6,32.0,22.0,0,6,6
81,7,8.0,30.0,0,7,9
81,8,27.0,32.0,0,8,10
81,9,17.0,38.0,0,9,12
81,10,76.0,45.0,0,10,15
81,11,92.0,47.0,0,11,18
81,12,78.0,52.0,0,12,17
81,13,85.0,63.0,0,13,19
81,14,24.0,66.0,0,14,23
81,15,36.0,66.0,0,15,20
81,16,50.0,66.0,0,16,21
81,17,97.17391304347827,70.0,0,17,0
81,18,89.0,79.0,0,18,25
81,19,14.0,81.0,0,19,26
81,20,73.0,86.0,0,20,27
81,21,83.0,87.0,0,21,28
82,1,91.0,1.826086956521739,0,1,0
82,2,27.0,14.0,0,2,1
82,3,67.0,20.0,0,3,5
82,4,27.0,26.0,0,4,7
82,5,30.0,40.0,0,5,8
82,6,73.0,40.0,0,6,10
82,7,40.0,44.0,0,7,11
82,8,37.0,58.0,0,8,13
82,9,51.0,68.0,0,9,14
82,10,40.0,72.0,0,10,16
82,11,78.0,72.0,0,11,15
82,12,45.0,85.0,0,12,20
82,13,88.0,89.0,0,13,21
82,14,36.0,93.0,0,14,22
83,1,49.0,5.0,0,1,1
83,2,58.0,9.0,0,2,2
83,3,43.0,14.0,0,3,3
83,4,69.0,18.0,0,4,4
83,5,34.0,23.0,0,5,6
83,6,86.0,23.0,0,6,7
83,7,46.0,27.0,0,7,8
83,8,65.0,28.0,0,8,10
83,9,78.0,28.0,0,9,9
83,10,93.0,32.0,0,10,11
83,11,50.0,38.0,0,11,13
83,12,75.0,39.0,0,12,12
83,13,38.0,50.0,0,13,14
83,14,82.0,53.0,0,14,15
83,15,70.0,62.0,0,15,16
83,16,41.0,64.0,0,16,17
83,17,32.0,67.0,0,17,18
83,18,69.0,77.0,0,18,21
83,19,54.0,78.0,0,19,22
83,20,41.0,82.0,0,20,24
83,21,75.0,90.0,0,21,25
83,22,56.0,95.0,0,22,26
84,1,44.0,9.0,0,1,1
84,2,33.0,12.0,0,2,2
84,3,20.0,14.0,0,3,3
84,4,71.0,14.0,0,4,4
84,5,8.0,16.0,0,5,5
84,6,58.0,17.0,0,6,6
84,7,43.0,20.0,0,7,8
84,8,27.0,27.0,0,8,10
84,9,52.0,28.0,0,9,12
84,10,45.0,41.0,0,10,16
84,11,85.0,41.0,0,11,14
84,12,83.0,52.0,0,12,17
84,13,49.0,53.0,0,13,18
84,14,60.0,53.0,0,14,20
84,15,5.0,54.0,0,15,19
84,16,96.0,55.0,0,16,0
84,17,12.0,66.0,0,17,22
84,18,70.0,66.0,0,18,23
84,19,30.0,76.0,0,19,25
84,20,53.0,82.0,0,20,27
84,21,88.0,86.0,0,21,28
84,22,45.0,91.0,0,22,29
84,23,63.0,93.0,0,23,30
84,24,74.0,98.15384615384616,0,24,0
85,1,7.0,2.0,0,1,0
85,2,84.0,2.0,0,2,0
85,3,24.0,5.0,0,3,1
85,4,63.0,7.0,0,4,2
85,5,74.0,10.0,0,5,3
85,6,27.0,17.0,0,6,6
85,7,15.0,19.0,0,7,7
85,8,41.0,21.0,0,8,8
85,9,62.0,22.0,0,9,9
85,10,70.0,24.0,0,10,11
85,11,4.0,29.0,0,11,13
85,12,16.0,32.0,0,12,14
85,13,54.0,34.0,0,13,15
85,14,45.0,38.0,0,14,17
85,15,25.0,39.0,0,15,19
85,16,15.0,43.0,0,16,20
85,17,94.0,44.0,0,17,0
85,18,64.0,49.0,0,18,23
85,19,79.0,50.0,0,19,24
85,20,56.0,55.0,0,20,25
85,21,39.0,58.0,0,21,26
85,22,97.0,60.0,0,22,0
85,23,24.0,62.0,0,23,27
85,24,64.0,71.0,0,24,29
85,25,40.0,72.0,0,25,30
85,26,97.0,80.0,0,26,0
85,27,42.0,94.0,0,27,32
85,28,17.0,97.0,0,28,0
85,29,31.0,97.0,0,29,0
86,1,59.0,6.0,0,1,1
86,2,69.0,18.0,0,2,5
86,3,81.0,28.0,0,3,8
86,4,5.0,29.0,0,4,9
86,5,37.0,51.0,0,5,14
86,6,85.0,52.0,0,6,15
86,7,78.0,64.0,0,7,16
86,8,92.0,65.0,0,8,17
86,9,27.0,75.0,0,9,19
86,10,60.0,77.0,0,10,20
86,11,24.0,85.0,0,11,22
86,12,19.0,93.0,0,12,23
86,13,8.0,96.0,0,13,0
87,1,90.0,6.0,0,1,1
87,2,51.0,7.0,0,2,3
87,3,2.0,11.0,0,3,0
87,4,89.0,17.0,0,4,4
87,5,11.0,18.0,0,5,6
87,6,56.0,18.0,0,6,5
87,7,66.0,18.0,0,7,7
87,8,18.0,31.0,0,8,9
87,9,76.0,31.0,0,9,10
87,10,36.0,41.0,0,10,12
87,11,4.0,47.0,0,11,15
87,12,59.0,47.0,0,12,14
87,13,95.0,51.0,0,13,16
87,14,51.0,55.0,0,14,17
87,15,69.0,58.0,0,15,18
87,16,16.0,66.0,0,16,21
87,17,81.0,66.0,0,17,22
87,18,94.0,69.0,0,18,0
87,19,48.0,71.0,0,19,23
87,20,18.0,75.0,0,20,25
87,21,39.0,78.0,0,21,26
87,22,9.0,88.0,0,22,27
87,23,39.0,91.0,0,23,29
87,24,50.0,91.0,0,24,28
88,1,82.0,1.826086956521739,0,1,0
88,2,68.0,10.0,0,2,2
88,3,23.0,34.0,0,3,8
88,4,57.0,34.0,0,4,7
88,5,91.0,36.0,0,5,9
88,6,55.0,44.0,0,6,11
88,7,24.0,52.0,0,7,13
88,8,50.0,52.0,0,8,14
88,9,39.0,55.0,0,9,15
88,10,20.0,64.0,0,10,16
88,11,50.0,65.0,0,11,17
88,12,7.0,71.0,0,12,19
88,13,77.0,75.0,0,13,21
88,14,56.0,82.0,0,14,23
88,15,83.0,94.0,0,15,0
89,1,37.0,3.0,0,1,0
89,2,57.0,3.0,0,2,0
89,3,46.0,10.0,0,3,2
89,4,63.0,10.0,0,4,1
89,5,51.0,21.0,0,5,5
89,6,32.0,23.0,0,6,6
89,7,62.0,23.0,0,7,7
89,8,96.0,33.0,0,8,0
89,9,75.0,35.0,0,9,11
89,10,41.0,38.0,0,10,12
89,11,6.0,39.0,0,11,13
89,12,29.0,39.0,0,12,14
89,13,87.0,39.0,0,13,15
89,14,20.0,43.0,0,14,17
89,15,25.0,49.0,0,15,19
89,16,37.0,50.0,0,16,20
89,17,97.66666666666667,51.0,0,17,0
89,18,74.0,54.0,0,18,22
89,19,10.0,56.0,0,19,23
89,20,19.0,56.0,0,20,24
89,21,86.0,59.0,0,21,25
89,22,63.0,62.0,0,22,26
89,23,45.0,64.0,0,23,27
89,24,27.0,66.0,0,24,28
89,25,8.0,72.0,0,25,30
89,26,25.0,83.0,0,26,33
89,27,42.0,83.0,0,27,34
89,28,60.0,85.0,0,28,36
89,29,68.0,85.0,0,29,35
89,30,22.0,96.0,0,30,0
90,1,93.0,2.0,0,1,0
90,2,69.0,3.0,0,2,0
90,3,15.0,9.0,0,3,1
90,4,76.0,14.0,0,4,3
90,5,46.0,22.0,0,5,4
90,6,34.0,24.0,0,6,5
90,7,21.0,26.0,0,7,6
90,8,71.0,26.0,0,8,7
90,9,9.0,28.0,0,9,8
90,10,82.0,28.0,0,10,10
90,11,44.0,32.0,0,11,11
90,12,27.0,38.0,0,12,13
90,13,53.0,40.0,0,13,14
90,14,86.0,52.0,0,14,16
90,15,27.0,53.0,0,15,15
90,16,45.0,54.0,0,16,18
90,17,84.0,63.0,0,17,19
90,18,51.0,65.0,0,18,20
90,19,62.0,65.0,0,19,22
90,20,6.0,66.0,0,20,21
90,21,97.0,67.0,0,21,0
90,22,13.0,78.0,0,22,24
90,23,71.0,78.0,0,23,25
90,24,31.0,88.0,0,24,27
90,25,54.0,94.0,0,25,0
90,26,88.0,97.0,0,26,0
91,1,8.0,3.0,0,1,0
91,2,25.0,10.0,0,2,1
91,3,61.0,17.0,0,3,3
91,4,30.0,18.0,0,4,4
91,5,42.0,23.0,0,5,6
91,6,70.0,23.0,0,6,7
91,7,35.0,43.0,0,7,12
91,8,57.0,46.0,0,8,15
91,9,93.0,46.0,0,9,13
91,10,22.0,47.0,0,10,14
91,11,45.0,48.0,0,11,16
91,12,71.0,48.0,0,12,17
91,13,60.0,59.0,0,13,19
91,14,19.0,65.0,0,14,22
91,15,76.0,65.0,0,15,21
91,16,62.0,71.0,0,16,23
91,17,34.0,76.0,0,17,24
91,18,79.0,81.0,0,18,25
91,19,65.0,83.0,0,19,26
91,20,71.0,91.0,0,20,27
91,21,86.0,93.0,0,21,29
91,22,5.0,97.17391304347827,0,22,0
92,1,39.0,5.0,0,1,1
92,2,52.0,27.0,0,2,4
92,3,9.0,30.0,0,3,5
92,4,85.0,37.0,0,4,7
92,5,91.0,44.0,0,5,8
92,6,97.17391304347827,62.0,0,6,0
92,7,61.0,64.0,0,7,13
92,8,76.0,64.0,0,8,11
92,9,38.0,66.0,0,9,12
92,10,87.0,76.0,0,10,17
92,11,84.0,93.0,0,11,22
92,12,67.0,95.0,0,12,0
93,1,48.0,1.826086956521739,0,1,0
93,2,1.4210526315789473,8.105263157894736,0,2,0
93,3,5.909090909090909,10.909090909090908,0,3,0
93,4,49.0,12.0,0,4,1
93,5,20.0,15.0,0,5,2
93,6,38.0,15.0,0,6,3
93,7,78.0,17.0,0,7,4
93,8,10.0,18.0,0,8,5
93,9,28.0,21.0,0,9,6
93,10,46.0,21.0,0,10,0
93,11,88.0,23.0,0,11,7
93,12,64.0,27.0,0,12,8
93,13,49.0,32.0,0,13,9
93,14,8.0,33.0,0,14,10
93,15,87.0,37.0,0,15,12
93,16,60.0,38.0,0,16,11
93,17,34.0,41.0,0,17,13
93,18,47.0,42.0,0,18,14
93,19,4.0,44.0,0,19,15
93,20,84.0,49.0,0,20,17
93,21,72.0,50.0,0,21,16
93,22,92.0,50.0,0,22,17
93,23,27.0,52.0,0,23,18
93,24,43.0,52.0,0,24,0
93,25,57.0,53.0,0,25,19
93,26,1.826086956521739,56.0,0,26,0
93,27,15.0,56.0,0,27,21
93,28,35.0,57.0,0,28,22
93,29,95.0,61.0,0,29,0
93,30,51.0,64.0,0,30,23
93,31,79.0,69.0,0,31,25
93,32,9.0,70.0,0,32,26
93,33,92.0,71.0,0,33,27
93,34,46.0,77.0,0,34,28
93,35,56.0,78.0,0,35,29
93,36,80.0,79.0,0,36,30
93,37,15.0,82.0,0,37,32
93,38,3.0,83.0,0,38,31
93,39,93.0,85.0,0,39,33
93,40,42.0,88.0,0,40,34
93,41,10.0,90.0,0,41,35
93,42,58.0,94.0,0,42,0
93,43,41.0,96.0,0,43,0
93,44,69.0,97.66666666666667,0,44,0
94,1,75.0,5.0,0,1,2
94,2,20.0,7.0,0,2,3
94,3,54.0,7.0,0,3,1
94,4,88.0,8.0,0,4,4
94,5,38.0,15.0,0,5,5
94,6,80.0,16.0,0,6,6
94,7,64.0,17.0,0,7,7
94,8,95.0,18.0,0,8,0
94,9,18.0,20.0,0,9,8
94,10,54.0,20.0,0,10,9
94,11,70.0,21.0,0,11,10
94,12,26.0,23.0,0,12,11
94,13,44.0,27.0,0,13,13
94,14,97.66666666666667,28.0,0,14,0
94,15,7.0,33.0,0,15,16
94,16,55.0,35.0,0,16,15
94,17,93.0,36.0,0,17,0
94,18,23.0,40.0,0,18,18
94,19,60.0,44.0,0,19,19
94,20,18.0,53.0,0,20,20
94,21,32.0,55.0,0,21,21
94,22,69.0,55.0,0,22,22
94,23,89.0,56.0,0,23,23
94,24,47.0,60.0,0,24,24
94,25,63.0,60.0,0,25,25
94,26,78.0,62.0,0,26,26
94,27,1.3333333333333333,64.0,0,27,0
94,28,13.0,64.0,0,28,27
94,29,95.0,68.0,0,29,0
94,30,60.0,69.0,0,30,28
94,31,45.0,71.0,0,31,29
94,32,71.0,73.0,0,32,30
94,33,60.0,81.0,0,33,32
94,34,91.0,81.0,0,34,31
94,35,71.0,91.0,0,35,35
94,36,92.0,93.0,0,36,0
94,37,64.0,94.0,0,37,0
94,38,79.0,94.0,0,38,0
95,1,24.0,16.0,0,1,2
95,2,33.0,20.0,0,2,3
95,3,43.0,23.0,0,3,4
95,4,53.0,27.0,0,4,6
95,5,71.0,32.0,0,5,8
95,6,55.0,39.0,0,6,11
95,7,25.0,51.0,0,7,12
95,8,45.0,53.0,0,8,13
95,9,66.0,58.0,0,9,15
95,10,26.0,60.0,0,10,16
95,11,35.0,64.0,0,11,18
95,12,93.0,64.0,0,12,0
95,13,40.0,68.0,0,13,21
95,14,55.0,68.0,0,14,20
95,15,23.0,71.0,0,15,22
95,16,66.0,72.0,0,16,23
95,17,44.0,74.0,0,17,24
95,18,82.0,79.0,0,18,25
95,19,91.0,94.0,0,19,0
96,1,70.0,4.0,0,1,1
96,2,35.0,8.0,0,2,2
96,3,24.0,13.0,0,3,3
96,4,90.9090909090909,29.09090909090909,0,4,4
96,5,86.0909090909091,30.90909090909091,0,5,4
96,6,16.0,34.0,0,6,6
96,7,50.0,36.0,0,7,7
96,8,70.0,41.0,0,8,8
96,9,77.0,45.0,0,9,10
96,10,33.0,54.0,0,10,11
96,11,23.0,61.0,0,11,13
96,12,1.3333333333333333,66.0,0,12,0
96,13,30.0,74.0,0,13,15
96,14,42.0,80.0,0,14,18
97,1,70.0,4.0,0,1,0
97,2,28.0,10.0,0,2,2
97,3,60.0,12.0,0,3,3
97,4,39.0,16.0,0,4,4
97,5,74.0,16.0,0,5,5
97,6,11.0,18.0,0,6,6
97,7,4.0,20.0,0,7,0
97,8,20.0,24.0,0,8,7
97,9,3.0,28.0,0,9,0
97,10,92.0,28.0,0,10,9
97,11,38.0,34.0,0,11,10
97,12,47.0,34.0,0,12,11
97,13,80.0,38.0,0,13,12
97,14,58.0,49.0,0,14,13
97,15,68.0,70.0,0,15,15
97,16,34.0,77.0,0,16,16
97,17,48.0,81.0,0,17,17
97,18,58.0,94.0,0,18,0
98,1,49.0,5.0,0,1,0
98,2,4.0,9.0,0,2,2
98,3,18.0,10.0,0,3,1
98,4,53.0,13.0,0,4,3
98,5,27.0,19.0,0,5,4
98,6,51.0,35.0,0,6,7
98,7,62.0,36.0,0,7,8
98,8,37.0,37.0,0,8,9
98,9,69.0,43.0,0,9,10
98,10,55.0,45.0,0,10,11
98,11,97.66666666666667,47.0,0,11,0
98,12,77.0,51.0,0,12,12
98,13,30.0,54.0,0,13,14
98,14,60.0,55.0,0,14,15
98,15,37.0,62.0,0,15,19
98,16,26.0,65.0,0,16,20
98,17,73.0,65.0,0,17,21
98,18,28.0,72.0,0,18,23
98,19,53.0,79.0,0,19,26
98,20,94.0,80.0,0,20,0
98,21,31.0,96.0,0,21,0
98,22,67.0,96.0,0,22,0
99,1,75.0,1.3333333333333333,0,1,0
99,2,53.0,4.0,0,2,1
99,3,76.0,14.0,0,3,3
99,4,5.0,17.0,0,4,5
99,5,32.0,17.0,0,5,6
99,6,71.0,22.0,0,6,7
99,7,55.0,24.0,0,7,8
99,8,27.0,26.0,0,8,9
99,9,39.0,35.0,0,9,12
99,10,91.0,39.0,0,10,14
99,11,18.0,46.0,0,11,18
99,12,11.0,59.0,0,12,20
99,13,52.0,59.0,0,13,23
99,14,68.0,59.0,0,14,22
99,15,90.0,64.0,0,15,25
99,16,54.0,76.0,0,16,26
99,17,86.0,78.0,0,17,27
99,18,44.0,81.0,0,18,28
99,19,12.0,90.0,0,19,31
99,20,41.0,91.0,0,20,33
99,21,35.0,94.0,0,21,34
99,22,14.0,96.0,0,22,0
99,23,95.0,97.0,0,23,0
100,1,38.0,5.0,0,1,1
100,2,53.0,5.0,0,2,2
100,3,23.0,18.0,0,3,4
100,4,76.0,21.0,0,4,6
100,5,33.0,22.0,0,5,5
100,6,52.0,24.0,0,6,7
100,7,81.0,25.0,0,7,8
100,8,88.0,28.0,0,8,9
100,9,74.0,32.0,0,9,11
100,10,39.0,33.0,0,10,10
100,11,85.0,37.0,0,11,12
100,12,67.0,43.0,0,12,13
100,13,48.0,44.0,0,13,14
100,14,57.0,46.0,0,14,15
100,15,84.0,57.0,0,15,16
100,16,13.0,61.0,0,16,17
100,17,69.0,62.0,0,17,18
100,18,9.0,71.0,0,18,20
100,19,59.0,75.0,0,19,22
100,20,17.0,76.0,0,20,21
100,21,32.0,78.0,0,21,23
100,22,2.0,81.0,0,22,0
100,23,85.0,88.0,0,23,24
